# Blender 5.0.1
# www.blender.org
o floor_border_middle_C
v 1.000000 0.000000 1.000000
v -1.000000 -0.000000 -1.000000
v -1.000000 0.000000 1.000000
v 1.000000 -0.000000 -0.761811
v 0.761810 -0.000000 -1.000000
v 0.981869 -0.000000 -0.852962
v 0.930236 -0.000000 -0.930236
v 0.852961 -0.000000 -0.981869
v -1.000000 -1.000000 -1.000000
v -1.000000 -0.000000 -1.000000
v 0.761810 -1.000000 -1.000000
v 1.000000 -1.000000 -0.761811
v 0.852961 -1.000000 -0.981869
v 0.930236 -1.000000 -0.930236
v 0.981869 -1.000000 -0.852962
v 1.000000 -0.000000 -0.761811
v 0.761810 -0.000000 -1.000000
v 0.981869 -0.000000 -0.852962
v 0.930236 -0.000000 -0.930236
v 0.852961 -0.000000 -0.981869
v 1.000000 -1.000000 -0.000000
v 1.000000 0.000000 -0.000000
v -1.000000 -1.000000 1.000000
v -1.000000 0.000000 1.000000
v 0.761811 -1.000000 1.000000
v 1.000000 -1.000000 0.761810
v 0.852962 -1.000000 0.981869
v 0.930236 -1.000000 0.930236
v 0.981869 -1.000000 0.852961
v 1.000000 0.000000 0.761810
v 0.761811 0.000000 1.000000
v 0.981869 0.000000 0.852961
v 0.930236 0.000000 0.930235
v 0.852962 0.000000 0.981869
v 0.790301 -0.270468 0.003045
v 0.788638 -0.255063 0.016502
v 0.773825 -0.255536 0.002678
v 1.199800 -0.270512 0.003046
v 1.216036 -0.255577 0.002495
v 1.201347 -0.255069 0.016315
v 1.208412 0.037755 -0.396114
v 1.222366 0.022780 -0.393481
v 0.798976 -0.284905 -0.438261
v 0.783025 -0.269931 -0.441247
v 1.204163 -0.269931 -0.388497
v 1.188227 -0.284905 -0.390969
v 0.778870 0.037755 -0.444090
v 0.764796 0.022774 -0.446232
v 1.185769 -0.001131 -0.745882
v 1.193085 0.023235 -0.732282
v 1.210564 0.004903 -0.733192
v 0.812828 -0.233957 -0.777066
v 0.808250 -0.258324 -0.767449
v 0.790576 -0.241845 -0.765069
v 1.219515 0.014848 -0.720854
v 1.204419 0.035532 -0.717253
v 1.215251 0.044682 -0.690648
v 1.229315 0.029748 -0.692215
v 0.799156 -0.270621 -0.752420
v 0.790934 -0.280359 -0.725813
v 0.775119 -0.265415 -0.724141
v 0.781791 -0.253516 -0.750894
v 1.186734 -0.270621 -0.752420
v 1.204637 -0.253901 -0.750585
v 1.211953 -0.265375 -0.724135
v 1.196010 -0.280323 -0.725812
v 0.767032 0.014147 -0.721399
v 0.757908 0.029680 -0.692225
v 0.771977 0.044611 -0.690650
v 0.781465 0.035532 -0.717253
v 0.751512 -0.007916 -0.003386
v 0.765806 -0.013997 0.010393
v 0.764696 0.009532 -0.001350
v 0.766730 0.059371 -0.079450
v 0.751577 0.044712 -0.073235
v 0.766066 0.051372 -0.057225
v 1.224524 0.034167 -0.027059
v 1.204605 0.029185 -0.005537
v 1.224121 0.007785 0.006683
v 1.238640 0.011049 -0.007400
v 1.234302 0.028865 -0.112370
v 1.221220 0.046822 -0.101496
v 1.152450 0.052666 -0.045615
v 1.172666 0.057011 -0.067310
v 0.791687 0.023235 -0.732282
v 0.798571 -0.001131 -0.745882
v 0.774410 0.005033 -0.732685
v 1.194452 -0.241697 -0.765391
v 1.176652 -0.258324 -0.767449
v 1.171640 -0.233957 -0.777067
v 1.213047 -0.320885 0.658779
v 1.212070 -0.336565 0.646159
v 1.228195 -0.321582 0.646341
v 0.793443 -0.320885 0.658779
v 0.778296 -0.321582 0.646341
v 0.794415 -0.336565 0.646159
v 0.831461 -0.275711 0.300794
v 0.800067 -0.005091 0.334815
v 1.206500 -0.255518 0.303333
v 0.791193 -0.357213 0.345294
v 0.775301 -0.342127 0.347081
v 0.783712 -0.316585 0.327903
v 0.798860 -0.344326 0.327581
v 1.244097 0.022234 0.363087
v 1.229825 0.044200 0.367060
v 1.240065 0.053889 0.389014
v 1.253946 0.038909 0.387530
v 0.782011 0.044200 0.367060
v 0.764398 0.025185 0.364941
v 0.752705 0.038967 0.387535
v 0.766816 0.053955 0.389013
v 1.225279 -0.311769 0.327049
v 1.231188 -0.342127 0.347080
v 1.215292 -0.357213 0.345294
v 1.210707 -0.344326 0.327581
v 0.821040 -0.290257 0.039360
v 0.804914 -0.274636 0.039016
v 1.211654 0.028209 0.024455
v 1.215548 0.040934 0.044483
v 1.228478 0.022616 0.032460
v 0.802269 0.040934 0.044483
v 0.806911 0.028209 0.024456
v 0.789346 0.022640 0.032460
v 1.197041 -0.290257 0.039360
v 1.213064 -0.274609 0.039015
v 0.792774 -0.281265 0.282332
v 0.784100 -0.296303 0.259591
v 0.800234 -0.311684 0.257845
v 0.810110 -0.302385 0.278956
v 1.227631 0.045736 0.318666
v 1.242937 0.024530 0.317415
v 1.252086 0.039581 0.296944
v 1.237995 0.057116 0.299093
v 0.779822 0.057116 0.299093
v 0.765738 0.039603 0.296947
v 0.775349 0.025323 0.317145
v 0.791396 0.045736 0.318666
v 1.233878 -0.296278 0.259594
v 1.225654 -0.280387 0.282780
v 1.208952 -0.302385 0.278956
v 1.217843 -0.311684 0.257845
v 1.236821 -0.001021 0.643775
v 1.197104 -0.003534 0.655163
v 1.234860 -0.030215 0.662753
v 1.250080 -0.025094 0.650394
v 0.757076 -0.020319 0.650492
v 0.771723 -0.030215 0.662753
v 0.770416 -0.003534 0.655163
v 0.769812 0.045144 0.622685
v 0.769574 0.056734 0.605165
v 0.754701 0.041770 0.608979
v 1.253464 0.039783 0.521665
v 1.239148 0.054979 0.532731
v 1.093457 0.045144 0.622685
v 1.114193 0.056610 0.605274
v 0.798868 -0.012726 0.009900
v 0.814754 -0.001300 0.005482
v 0.818514 -0.028141 -0.001717
v 1.220866 -0.012490 0.010063
v 1.202124 -0.028141 -0.001717
v 1.205379 -0.001300 0.005481
v 1.190327 -0.278380 0.016557
v 1.188078 -0.257445 0.004725
v 1.206728 -0.263079 0.016871
v 0.829435 -0.278380 0.016557
v 0.812964 -0.263001 0.016664
v 0.832430 -0.257445 0.004725
v 0.817871 0.014011 0.337217
v 1.220554 -0.005358 0.334781
v 1.204103 0.014011 0.337217
v 0.814032 -0.255909 0.303284
v 1.189807 -0.275711 0.300794
v 0.829054 -1.012713 -0.052332
v 0.813906 -1.012713 -0.037997
v 1.227870 -1.012713 -0.052332
v 1.243017 -1.012713 -0.037997
v 1.221245 -0.844395 0.436238
v 0.835601 -1.012713 0.472518
v 1.246012 -1.012713 0.422104
v 1.237600 -1.012713 0.444203
v 0.798004 -0.827092 0.403658
v 0.812276 -0.813182 0.399080
v 0.802036 -0.807046 0.373781
v 0.788155 -0.816532 0.375491
v 1.239301 -0.813182 0.399080
v 1.256914 -0.825223 0.401521
v 1.268608 -0.816496 0.375484
v 1.254496 -0.807005 0.373781
v 0.816823 -1.012713 0.445188
v 0.810913 -1.012713 0.422104
v 1.237187 -1.012713 0.648166
v 0.830448 -0.823308 0.664944
v 0.826553 -0.815250 0.641865
v 0.813622 -0.826850 0.655720
v 1.239832 -0.815250 0.641865
v 1.235190 -0.823308 0.664944
v 1.252755 -0.826835 0.655720
v 0.829038 -1.012713 0.648166
v 1.228539 -1.012713 0.496719
v 1.237212 -1.012713 0.522925
v 0.814470 -0.812209 0.454848
v 0.799164 -0.825638 0.456290
v 0.790015 -0.816107 0.479880
v 0.804106 -0.805003 0.477405
v 1.241490 -0.805003 0.477404
v 1.255574 -0.816093 0.479877
v 1.245964 -0.825136 0.456602
v 1.229917 -0.812209 0.454848
v 0.808223 -1.012713 0.522922
v 0.816448 -1.012713 0.496203
v 0.805280 -0.841818 -0.035041
v 0.844996 -0.843410 -0.048164
v 0.807240 -0.860306 -0.056911
v 0.792022 -0.857062 -0.042668
v 1.264236 -0.854039 -0.042782
v 1.249590 -0.860306 -0.056911
v 1.250896 -0.843410 -0.048164
v 1.251500 -0.812584 -0.010738
v 1.251738 -0.805245 0.009453
v 1.266611 -0.814721 0.005058
v 0.788638 -0.815979 0.105676
v 0.802953 -0.806356 0.092925
v 1.077798 -0.812584 -0.010737
v 1.057062 -0.805323 0.009327
v 1.243234 -0.849230 0.681718
v 1.227347 -0.841995 0.686810
v 1.223588 -0.858992 0.695105
v 0.821235 -0.849081 0.681530
v 0.839978 -0.858992 0.695105
v 0.836722 -0.841995 0.686809
v 0.854023 -1.012713 0.687681
v 0.835374 -1.012713 0.673684
v 1.229136 -1.012713 0.673923
v 1.209671 -1.012713 0.687681
v 1.203441 -0.832299 0.433471
v 0.821548 -0.844565 0.436277
v 0.837997 -0.832299 0.433471
v 1.207281 -1.012713 0.472575
v 0.320147 -1.014559 -1.236372
v 0.267396 -1.014559 -0.715619
v 0.587743 -1.017705 -0.717980
v 0.587743 -1.016132 -1.226493
v -0.134174 -0.295636 -0.773938
v -0.118942 -0.311316 -0.774916
v -0.119163 -0.296333 -0.758790
v -0.134174 -0.295636 -1.244113
v -0.119163 -0.296333 -1.259261
v -0.118942 -0.311316 -1.243140
v 0.384781 -0.228443 -1.223648
v 0.344163 0.039261 -1.220592
v 0.347061 0.020159 -1.237489
v 0.388122 -0.250462 -0.798758
v 0.344163 0.039261 -0.782364
v 0.334413 -0.331964 -1.246364
v 0.332257 -0.316878 -1.262256
v 0.355403 -0.291336 -1.253844
v 0.355792 -0.319077 -1.238696
v 0.312939 0.047483 -0.742889
v 0.308144 0.069450 -0.757160
v 0.281648 0.079138 -0.746922
v 0.283439 0.064159 -0.733040
v 0.308144 0.069450 -1.255545
v 0.310700 0.050434 -1.273158
v 0.283432 0.064216 -1.284851
v 0.281649 0.079204 -1.270740
v 0.356434 -0.286520 -0.761707
v 0.332258 -0.316878 -0.755797
v 0.334413 -0.331964 -0.771693
v 0.355792 -0.319077 -0.776279
v 0.655230 -0.275106 -1.233422
v 0.654829 -0.290236 -1.217584
v 0.663222 0.025880 -0.756542
v 0.663622 0.040925 -0.770794
v 0.663621 0.040925 -1.234985
v 0.663221 0.025880 -1.249236
v 0.654830 -0.290729 -0.788133
v 0.655230 -0.275660 -0.772302
v 0.410404 -0.256016 -1.244781
v 0.438089 -0.272833 -1.253368
v 0.440020 -0.287963 -1.237514
v 0.414478 -0.277136 -1.227446
v 0.366551 0.070985 -0.759356
v 0.368061 0.049779 -0.744048
v 0.392675 0.065565 -0.734783
v 0.390042 0.081063 -0.748951
v 0.390041 0.081063 -1.257722
v 0.392671 0.065565 -1.271884
v 0.368388 0.050572 -1.262207
v 0.366551 0.070985 -1.246160
v 0.438099 -0.272866 -0.753142
v 0.409864 -0.255138 -0.761333
v 0.414478 -0.277136 -0.778034
v 0.440020 -0.287999 -0.768986
v 1.207406 0.038823 -0.747304
v 1.193660 0.053273 -0.747555
v 1.192327 0.038192 -0.733236
v 1.174729 -0.300479 -0.765892
v 1.159972 -0.297314 -0.751758
v 1.158821 -0.312264 -0.767501
v -0.116066 0.024228 -0.750164
v -0.129810 0.021715 -0.789881
v -0.138970 -0.004966 -0.752125
v -0.124054 0.000156 -0.736906
v -0.124173 0.004930 -1.280480
v -0.138970 -0.004966 -1.265833
v -0.129810 0.021715 -1.267140
v -0.090612 0.070393 -1.267744
v -0.069466 0.081983 -1.267982
v -0.074069 0.067019 -1.282855
v 0.031312 0.065032 -0.733522
v 0.017957 0.080228 -0.747837
v -0.090612 0.070393 -0.893528
v -0.069598 0.081860 -0.872792
v -0.130100 -1.011815 -1.316449
v -0.115104 -1.011815 -1.331281
v -0.113848 -1.014559 -0.648311
v -0.128844 -1.014559 -0.663706
v 0.297058 -0.844053 -0.733053
v 0.349028 -0.848541 -1.219244
v 0.259230 -0.819458 -0.692921
v 0.266239 -0.809827 -0.717068
v 0.238923 -0.802588 -0.699389
v 0.234749 -0.813089 -0.682967
v 0.240573 -1.011815 -1.324029
v 0.263679 -1.011815 -1.310749
v 0.215330 -1.014559 -0.666305
v 0.189079 -1.014559 -0.655466
v 0.307857 -0.814220 -1.283671
v 0.286268 -0.810225 -1.296605
v 0.287235 -0.799744 -1.280205
v 0.311191 -0.805873 -1.251597
v 1.189678 -0.831654 -0.746246
v 1.191974 -0.844051 -0.727219
v 1.203127 -0.848345 -0.752473
v 1.179134 -1.017705 -1.208426
v 1.190351 -1.017705 -1.183423
v 1.226316 -1.017705 -0.735378
v 1.215590 -1.017705 -0.709852
v 1.155528 -0.843950 -1.190928
v 1.153712 -0.831654 -1.171960
v 1.167162 -0.848346 -1.166169
v 0.631683 -0.844007 -0.750344
v 0.628570 -0.824030 -0.747033
v 0.621658 -0.835495 -0.727034
v 0.576406 -1.014559 -1.244202
v 0.632852 -0.841795 -1.195376
v 0.631350 -0.846872 -1.209139
v 0.601828 -0.801739 -0.708462
v 0.601862 -0.779278 -0.722979
v 0.581093 -0.769564 -0.716817
v 0.578981 -0.780012 -0.700875
v 0.534364 -1.014559 -1.268533
v 0.560760 -1.014559 -1.258267
v 0.560221 -1.014559 -0.690549
v 0.534365 -1.014559 -0.679752
v 0.602053 -0.802638 -1.240555
v 0.578984 -0.779999 -1.247586
v 0.581093 -0.769552 -1.231652
v 0.601862 -0.779278 -1.226136
v 0.637430 -1.017705 -0.667682
v 0.613810 -1.017705 -0.679663
v 0.658707 -0.818289 -1.225942
v 0.683842 -0.810797 -1.242465
v 0.681631 -0.821212 -1.258628
v 0.656321 -0.830691 -1.247475
v 0.658707 -0.818289 -0.724144
v 0.656876 -0.830057 -0.701272
v 0.681631 -0.821212 -0.689808
v 0.683842 -0.810797 -0.705980
v 0.613366 -1.017705 -1.268901
v 0.637430 -1.017705 -1.280572
v 1.195145 -1.017705 -0.689862
v 1.169374 -1.017705 -0.678954
v 1.135857 -0.822349 -1.186296
v 1.137122 -0.834384 -1.205630
v 1.110042 -0.826318 -1.215379
v 1.108840 -0.815855 -1.199233
v 1.144806 -0.815855 -0.716023
v 1.146008 -0.826317 -0.699866
v 1.172567 -0.833961 -0.710141
v 1.171824 -0.822349 -0.730471
v 1.133408 -1.017705 -1.236110
v 1.159668 -1.017705 -1.225724
v 0.333030 -0.805469 -0.707487
v 0.362291 -0.779356 -0.699566
v 0.365624 -0.768906 -0.715523
v 0.343513 -0.777902 -0.720580
v 0.357267 -1.014559 -1.261601
v 0.384744 -1.014559 -1.269901
v 0.331993 -1.014559 -0.678321
v 0.304955 -1.014559 -0.687259
v 0.414534 -0.768919 -1.232923
v 0.415040 -0.779368 -1.248846
v 0.385147 -0.806829 -1.241548
v 0.392033 -0.778244 -1.227746
v -0.115920 -0.904981 -1.307592
v -0.130100 -0.903065 -1.286965
v -0.068504 -0.815656 -1.284882
v -0.046887 -0.805979 -1.284588
v -0.052425 -0.816560 -1.299817
v -0.092999 -0.870134 -0.691474
v -0.128844 -0.905809 -0.693095
v -0.114012 -0.909653 -0.674012
v 0.008593 -0.818835 -0.682918
v 0.007921 -0.808107 -0.698549
v -0.021991 -0.817293 -0.694844
v -0.067248 -0.818400 -0.753525
v -0.055942 -0.817547 -0.727817
v -0.045626 -0.808889 -0.750572
v 0.628570 -0.824030 -1.204440
v 0.621326 -0.835381 -1.224288
v 0.631084 -0.849476 -0.735071
v 0.634339 -0.836844 -0.756514
v 0.587743 -1.014559 -0.733017
v 0.576954 -1.014559 -0.707227
v 1.251302 -1.017705 -0.073210
v 1.233501 -1.017705 -0.058204
v 0.644107 -1.017705 -0.058204
v 0.628914 -1.017705 -0.073210
v 0.659559 -1.017705 -0.676957
v 0.684071 -1.017705 -0.688729
v 1.178389 -0.852978 -0.699569
v 1.153406 -0.859788 -0.709347
v 1.158520 -0.840611 -0.702456
v 0.624014 -1.017705 -0.617610
v 0.633355 -1.017705 -0.644375
v 1.220719 -0.809559 -0.659022
v 1.203197 -0.794339 -0.658793
v 1.213796 -0.786035 -0.635552
v 1.230034 -0.796509 -0.634676
v 0.673346 -0.794339 -0.658792
v 0.657642 -0.813351 -0.660990
v 0.651589 -0.796324 -0.634690
v 0.667892 -0.785870 -0.635544
v 1.244527 -1.017705 -0.642036
v 1.256202 -1.017705 -0.617611
v 1.210001 -0.881385 -0.084231
v 1.205648 -0.892725 -0.063598
v 1.226192 -0.899341 -0.078260
v 0.651730 -0.895245 -0.077843
v 0.671737 -0.892725 -0.063598
v 0.670769 -0.807385 -0.132557
v 0.670521 -0.797985 -0.154923
v 0.655631 -0.808576 -0.148817
v 1.226662 -0.809977 -0.354610
v 1.211980 -0.798872 -0.357139
v 1.212849 -0.805323 -0.318975
v 1.020841 -0.807385 -0.132557
v 1.043159 -0.804229 -0.146577
v 1.012898 -0.798357 -0.154927
v 0.698597 -0.840611 -0.702456
v 0.701520 -0.859788 -0.709347
v 0.679426 -0.852331 -0.697432
v 1.197861 -1.017705 -0.679304
v 1.076381 -0.294325 -1.233905
v 1.068256 -0.277360 -1.249109
v 1.093819 -0.282787 -1.239704
v 1.174728 -0.300479 -1.147299
v 1.158826 -0.312242 -1.155087
v 1.163938 -0.298026 -1.172645
v 1.193659 0.053272 -1.175244
v 1.207406 0.038822 -1.166041
v 1.196419 0.038454 -1.191295
v 1.109494 0.050476 -1.253661
v 1.124710 0.036073 -1.258083
v 1.098647 0.035080 -1.267332
v 0.347101 0.019891 -0.766432
v 0.388122 -0.250462 -1.204924
v 0.384498 -0.226577 -0.780278
v 0.348391 -0.832624 -1.194974
v 0.295506 -0.852973 -0.732141
v 0.301345 -0.832624 -0.749496
v -0.125955 -0.320885 -1.201338
v -0.141187 -0.336565 -1.200360
v -0.140967 -0.321583 -1.216486
v -0.125955 -0.320885 -0.731162
v -0.140967 -0.321582 -0.716015
v -0.141187 -0.336565 -0.732135
v -0.678708 -0.275711 -0.769180
v -0.637648 -0.005091 -0.737787
v -0.675644 -0.255519 -1.194791
v -0.625000 -0.357213 -0.728912
v -0.622845 -0.342127 -0.713020
v -0.645989 -0.316585 -0.721432
v -0.646379 -0.344326 -0.736580
v -0.603525 0.022234 -1.232388
v -0.598730 0.044200 -1.218116
v -0.572234 0.053889 -1.228354
v -0.574025 0.038909 -1.242236
v -0.598730 0.044200 -0.719731
v -0.601287 0.025185 -0.702118
v -0.574019 0.038967 -0.690425
v -0.572235 0.053955 -0.704536
v -0.647020 -0.311770 -1.213569
v -0.622845 -0.342128 -1.219478
v -0.625000 -0.357213 -1.203583
v -0.646379 -0.344326 -1.198997
v -0.963922 -0.290257 -0.758760
v -0.964337 -0.274636 -0.742634
v -0.981910 0.028209 -1.199944
v -0.957739 0.040934 -1.203838
v -0.972249 0.022616 -1.216769
v -0.957739 0.040934 -0.739989
v -0.981910 0.028209 -0.744631
v -0.972250 0.022640 -0.727066
v -0.963922 -0.290257 -1.185330
v -0.964338 -0.274609 -1.201354
v -0.700991 -0.281265 -0.730494
v -0.728437 -0.296303 -0.721820
v -0.730545 -0.311684 -0.737954
v -0.705065 -0.302385 -0.747829
v -0.657138 0.045735 -1.215920
v -0.658648 0.024530 -1.231228
v -0.683354 0.039580 -1.240376
v -0.680761 0.057116 -1.226285
v -0.680761 0.057116 -0.717543
v -0.683352 0.039603 -0.703458
v -0.658975 0.025323 -0.713069
v -0.657138 0.045736 -0.729116
v -0.728434 -0.296278 -1.222169
v -0.700451 -0.280387 -1.213943
v -0.705065 -0.302385 -1.197242
v -0.730545 -0.311684 -1.206134
v -0.144063 -0.001021 -1.225112
v -0.130320 -0.003535 -1.185395
v -0.121159 -0.030216 -1.223151
v -0.136075 -0.025094 -1.238370
v -0.135956 -0.020319 -0.694796
v -0.121159 -0.030216 -0.709443
v -0.130320 -0.003535 -0.708136
v -0.169518 0.045144 -0.707532
v -0.190663 0.056734 -0.707295
v -0.186060 0.041770 -0.692421
v -0.291441 0.039783 -1.241754
v -0.278086 0.054978 -1.227439
v -0.169519 0.045143 -0.902023
v -0.190532 0.056610 -0.922759
v -0.999477 -0.012726 -0.736587
v -1.004810 -0.001300 -0.752474
v -1.013498 -0.028141 -0.756233
v -0.999281 -0.012491 -1.209157
v -1.013498 -0.028142 -1.190413
v -1.004810 -0.001300 -1.193669
v -0.991443 -0.278380 -1.178616
v -1.005723 -0.257445 -1.176369
v -0.991064 -0.263079 -1.195018
v -0.991443 -0.278380 -0.767155
v -0.991314 -0.263001 -0.750685
v -1.005723 -0.257445 -0.770150
v -0.634749 0.014011 -0.755591
v -0.637688 -0.005358 -1.208844
v -0.634749 0.014011 -1.192394
v -0.675703 -0.255909 -0.751752
v -0.678708 -0.275711 -1.178098
v -1.004740 -1.012713 -0.922966
v -0.989728 -1.012713 -0.907819
v -1.004740 -1.012713 -1.325502
v -0.989728 -1.012713 -1.340649
v -0.493048 -0.844395 -1.318878
v -0.455051 -1.012713 -0.929513
v -0.507851 -1.012713 -1.343644
v -0.484706 -1.012713 -1.335232
v -0.527170 -0.827092 -0.891916
v -0.531964 -0.813182 -0.906188
v -0.558461 -0.807046 -0.895949
v -0.556670 -0.816532 -0.882068
v -0.531964 -0.813182 -1.336934
v -0.529408 -0.825224 -1.354547
v -0.556677 -0.816496 -1.366240
v -0.558460 -0.807005 -1.352129
v -0.483675 -1.012713 -0.910735
v -0.507851 -1.012713 -0.904825
v -0.166358 -1.012713 -1.334821
v -0.148786 -0.823308 -0.924360
v -0.172957 -0.815250 -0.920465
v -0.158446 -0.826850 -0.907535
v -0.172957 -0.815250 -1.337464
v -0.148786 -0.823308 -1.332823
v -0.158445 -0.826835 -1.350387
v -0.166357 -1.012713 -0.922950
v -0.429705 -1.012713 -1.326171
v -0.402259 -1.012713 -1.334845
v -0.473557 -0.812209 -0.908383
v -0.472047 -0.825638 -0.893076
v -0.447340 -0.816107 -0.883927
v -0.449933 -0.805003 -0.898019
v -0.449933 -0.805003 -1.339123
v -0.447343 -0.816093 -1.353207
v -0.471721 -0.825136 -1.343596
v -0.473557 -0.812209 -1.327549
v -0.402262 -1.012713 -0.902136
v -0.430245 -1.012713 -0.910360
v -0.986631 -0.826379 -0.899192
v -1.000376 -0.827971 -0.938908
v -1.009536 -0.844867 -0.901153
v -0.994619 -0.841623 -0.885934
v -0.994739 -0.838600 -1.361869
v -1.009536 -0.844867 -1.347222
v -1.000376 -0.827971 -1.348529
v -0.961177 -0.797146 -1.349133
v -0.940031 -0.789806 -1.349370
v -0.944635 -0.799282 -1.364244
v -0.839254 -0.800540 -0.882550
v -0.852610 -0.790918 -0.896865
v -0.961177 -0.797146 -1.042556
v -0.940164 -0.789885 -1.021820
v -0.131217 -0.849230 -1.340866
v -0.125885 -0.841995 -1.324980
v -0.117197 -0.858992 -1.321220
v -0.131414 -0.849081 -0.915147
v -0.117197 -0.858992 -0.933890
v -0.125885 -0.841995 -0.930634
v -0.124972 -1.012713 -0.947936
v -0.139631 -1.012713 -0.929286
v -0.139381 -1.012713 -1.326770
v -0.124972 -1.012713 -1.307304
v -0.495946 -0.832299 -1.301074
v -0.493007 -0.844565 -0.915460
v -0.495946 -0.832299 -0.931910
v -0.454991 -1.012713 -1.304913
v 0.320148 -1.014559 1.096854
v 0.267397 -1.014559 0.615619
v 0.587744 -1.017705 0.617980
v 0.587744 -1.016132 1.086974
v -0.134174 -0.295635 0.673938
v -0.118942 -0.311316 0.674916
v -0.119162 -0.296333 0.658790
v -0.134174 -0.295635 1.137470
v -0.119162 -0.296333 1.152617
v -0.118942 -0.311316 1.136497
v 0.384781 -0.228443 1.117004
v 0.344163 0.039261 1.113948
v 0.347061 0.020159 1.130845
v 0.388122 -0.250462 0.698757
v 0.344163 0.039261 0.682364
v 0.334415 -0.331964 1.139719
v 0.332258 -0.316878 1.155611
v 0.355404 -0.291336 1.147200
v 0.355792 -0.319077 1.132052
v 0.312940 0.047483 0.642888
v 0.308145 0.069450 0.657160
v 0.281649 0.079138 0.646921
v 0.283439 0.064159 0.633039
v 0.308145 0.069450 1.148900
v 0.310701 0.050434 1.166514
v 0.283433 0.064216 1.178207
v 0.281649 0.079204 1.164096
v 0.356435 -0.286520 0.661707
v 0.332258 -0.316878 0.655797
v 0.334415 -0.331964 0.671693
v 0.355792 -0.319077 0.676278
v 0.655232 -0.275106 1.126778
v 0.654830 -0.290236 1.110939
v 0.663223 0.025880 0.656541
v 0.663622 0.040925 0.670793
v 0.663622 0.040925 1.128341
v 0.663222 0.025880 1.142591
v 0.654830 -0.290729 0.688133
v 0.655231 -0.275660 0.672301
v 0.410405 -0.256016 1.138138
v 0.438090 -0.272833 1.146724
v 0.440021 -0.287962 1.130870
v 0.414478 -0.277136 1.120802
v 0.366552 0.070985 0.659355
v 0.368062 0.049779 0.644048
v 0.392675 0.065565 0.634783
v 0.390042 0.081063 0.648951
v 0.390042 0.081063 1.151077
v 0.392673 0.065565 1.165239
v 0.368389 0.050572 1.155563
v 0.366552 0.070985 1.139516
v 0.438099 -0.272866 0.653141
v 0.409864 -0.255138 0.661332
v 0.414478 -0.277136 0.678034
v 0.440021 -0.287999 0.668986
v 1.207407 0.038823 0.647303
v 1.193660 0.053273 0.647554
v 1.192327 0.038192 0.633235
v 1.174729 -0.300479 0.665892
v 1.159973 -0.297314 0.651757
v 1.158822 -0.312264 0.667500
v -0.116066 0.024228 0.650164
v -0.129809 0.021715 0.689881
v -0.138970 -0.004966 0.652125
v -0.124054 0.000156 0.636906
v -0.124172 0.004930 1.173836
v -0.138969 -0.004966 1.159189
v -0.129809 0.021715 1.160496
v -0.090610 0.070393 1.161100
v -0.069465 0.081983 1.161337
v -0.074069 0.067019 1.176211
v 0.031312 0.065032 0.633522
v 0.017957 0.080228 0.647837
v -0.090610 0.070393 0.873253
v -0.069597 0.081860 0.852517
v -0.130100 -1.011815 1.176931
v -0.115103 -1.011815 1.191762
v -0.113848 -1.014559 0.548311
v -0.128843 -1.014559 0.563706
v 0.297058 -0.844053 0.633053
v 0.349029 -0.848541 1.079725
v 0.259230 -0.819458 0.592920
v 0.266239 -0.809827 0.617068
v 0.238923 -0.802588 0.599388
v 0.234750 -0.813089 0.582967
v 0.240574 -1.011815 1.184510
v 0.263681 -1.011815 1.171231
v 0.215331 -1.014559 0.566304
v 0.189080 -1.014559 0.555466
v 0.307859 -0.814220 1.144153
v 0.286269 -0.810225 1.157087
v 0.287236 -0.799743 1.140687
v 0.311192 -0.805873 1.112079
v 1.189679 -0.831654 0.723108
v 1.191975 -0.844051 0.704080
v 1.203128 -0.848345 0.729334
v 1.179135 -1.017704 1.068908
v 1.190351 -1.017704 1.043904
v 1.226316 -1.017705 0.712240
v 1.215590 -1.017705 0.686714
v 1.155529 -0.843950 1.051410
v 1.153713 -0.831654 1.032441
v 1.167162 -0.848345 1.026651
v 0.631684 -0.844007 0.650344
v 0.628570 -0.824030 0.647033
v 0.621658 -0.835495 0.627033
v 0.576407 -1.014559 1.104684
v 0.632853 -0.841795 1.055857
v 0.631352 -0.846872 1.069621
v 0.601829 -0.801739 0.608461
v 0.601863 -0.779278 0.622978
v 0.581093 -0.769564 0.616817
v 0.578982 -0.780012 0.600875
v 0.534365 -1.014559 1.129014
v 0.560762 -1.014559 1.118749
v 0.560222 -1.014559 0.590549
v 0.534365 -1.014559 0.579752
v 0.602054 -0.802638 1.101036
v 0.578985 -0.779998 1.108067
v 0.581093 -0.769551 1.092134
v 0.601863 -0.779278 1.086617
v 0.637431 -1.017705 0.567682
v 0.613810 -1.017705 0.579663
v 0.658708 -0.818288 1.086423
v 0.683842 -0.810797 1.102947
v 0.681632 -0.821212 1.119110
v 0.656322 -0.830690 1.107955
v 0.658708 -0.818288 0.624144
v 0.656876 -0.830057 0.601272
v 0.681632 -0.821212 0.589807
v 0.683842 -0.810797 0.605979
v 0.613367 -1.017704 1.129382
v 0.637431 -1.017704 1.141053
v 1.195146 -1.017705 0.666724
v 1.169374 -1.017705 0.655815
v 1.135859 -0.822349 1.046777
v 1.137123 -0.834384 1.066111
v 1.110044 -0.826318 1.075860
v 1.108841 -0.815855 1.059714
v 1.144807 -0.815855 0.692883
v 1.146009 -0.826317 0.676728
v 1.172568 -0.833961 0.687002
v 1.171824 -0.822349 0.707332
v 1.133410 -1.017704 1.096590
v 1.159669 -1.017704 1.086205
v 0.333031 -0.805469 0.607487
v 0.362292 -0.779356 0.599566
v 0.365625 -0.768906 0.615523
v 0.343514 -0.777902 0.620580
v 0.357268 -1.014559 1.122083
v 0.384745 -1.014559 1.130383
v 0.331994 -1.014559 0.578321
v 0.304956 -1.014559 0.587258
v 0.414534 -0.768918 1.093405
v 0.415041 -0.779368 1.109328
v 0.385148 -0.806829 1.102030
v 0.392035 -0.778243 1.088227
v -0.115919 -0.904981 1.168074
v -0.130100 -0.903065 1.147447
v -0.068503 -0.815656 1.145365
v -0.046886 -0.805979 1.145069
v -0.052423 -0.816559 1.160298
v -0.092998 -0.870134 0.591474
v -0.128843 -0.905809 0.593096
v -0.114012 -0.909653 0.574012
v 0.008593 -0.818835 0.582918
v 0.007922 -0.808107 0.598549
v -0.021991 -0.817293 0.594844
v -0.067247 -0.818400 0.653525
v -0.055941 -0.817547 0.627816
v -0.045626 -0.808889 0.650572
v 0.628570 -0.824030 1.064922
v 0.621327 -0.835381 1.084769
v 0.631085 -0.849476 0.635071
v 0.634340 -0.836844 0.656513
v 0.587744 -1.014559 0.633016
v 0.576955 -1.014559 0.607226
v 0.684072 -1.017705 0.665591
v 1.153407 -0.859788 0.686208
v 0.701521 -0.859788 0.609346
v 1.197861 -1.017705 0.656166
v 1.076382 -0.294325 1.127260
v 1.068256 -0.277360 1.142464
v 1.093820 -0.282787 1.133060
v 1.174729 -0.300479 1.040654
v 1.158827 -0.312242 1.048442
v 1.163939 -0.298026 1.066001
v 1.193660 0.053273 1.068599
v 1.207407 0.038823 1.059397
v 1.196420 0.038454 1.084650
v 1.109495 0.050476 1.147017
v 1.124711 0.036073 1.151437
v 1.098648 0.035080 1.160687
v 0.347102 0.019891 0.666431
v 0.388122 -0.250462 1.098281
v 0.384498 -0.226577 0.680278
v 0.348393 -0.832624 1.055456
v 0.295507 -0.852973 0.632141
v 0.301346 -0.832624 0.649495
v -0.125955 -0.320885 1.094694
v -0.141186 -0.336565 1.093716
v -0.140966 -0.321582 1.109842
v -0.125955 -0.320885 0.631162
v -0.140966 -0.321582 0.616015
v -0.141186 -0.336565 0.632135
v -0.678707 -0.275711 0.669181
v -0.637647 -0.005091 0.637788
v -0.675644 -0.255518 1.088147
v -0.625000 -0.357213 0.628913
v -0.622844 -0.342127 0.613021
v -0.645988 -0.316585 0.621432
v -0.646378 -0.344326 0.636580
v -0.603524 0.022234 1.125744
v -0.598730 0.044201 1.111472
v -0.572233 0.053889 1.121711
v -0.574024 0.038910 1.135593
v -0.598730 0.044200 0.619732
v -0.601287 0.025185 0.602118
v -0.574018 0.038967 0.590425
v -0.572234 0.053955 0.604536
v -0.647019 -0.311769 1.106925
v -0.622844 -0.342127 1.112835
v -0.625000 -0.357213 1.096939
v -0.646378 -0.344326 1.092354
v -0.963921 -0.290257 0.658760
v -0.964336 -0.274635 0.642634
v -0.981909 0.028209 1.093300
v -0.957738 0.040934 1.097195
v -0.972248 0.022616 1.110126
v -0.957738 0.040934 0.639990
v -0.981909 0.028209 0.644631
v -0.972249 0.022640 0.627067
v -0.963921 -0.290257 1.078687
v -0.964337 -0.274609 1.094711
v -0.700991 -0.281265 0.630494
v -0.728435 -0.296303 0.621820
v -0.730544 -0.311684 0.637954
v -0.705064 -0.302385 0.647830
v -0.657138 0.045736 1.109277
v -0.658647 0.024530 1.124584
v -0.683354 0.039581 1.133733
v -0.680761 0.057116 1.119642
v -0.680761 0.057116 0.617543
v -0.683351 0.039603 0.603458
v -0.658974 0.025323 0.613069
v -0.657138 0.045736 0.629116
v -0.728433 -0.296278 1.115525
v -0.700450 -0.280387 1.107301
v -0.705064 -0.302385 1.090599
v -0.730544 -0.311684 1.099490
v -0.144063 -0.001021 1.118468
v -0.130319 -0.003534 1.078751
v -0.121159 -0.030215 1.116507
v -0.136075 -0.025094 1.131726
v -0.135956 -0.020319 0.594796
v -0.121159 -0.030215 0.609443
v -0.130319 -0.003534 0.608136
v -0.169517 0.045144 0.607532
v -0.190663 0.056734 0.607294
v -0.186060 0.041770 0.592421
v -0.291440 0.039783 1.135110
v -0.278085 0.054979 1.120795
v -0.169517 0.045144 0.881748
v -0.190531 0.056610 0.902484
v -0.999477 -0.012725 0.636589
v -1.004810 -0.001300 0.652474
v -1.013498 -0.028141 0.656234
v -0.999280 -0.012490 1.102513
v -1.013497 -0.028141 1.083770
v -1.004809 -0.001300 1.087026
v -0.991442 -0.278380 1.071974
v -1.005722 -0.257445 1.069725
v -0.991063 -0.263079 1.088375
v -0.991442 -0.278380 0.667156
v -0.991313 -0.263001 0.650685
v -1.005723 -0.257445 0.670150
v -0.634748 0.014011 0.655592
v -0.637688 -0.005358 1.102201
v -0.634748 0.014012 1.085750
v -0.675703 -0.255909 0.651752
v -0.678707 -0.275711 1.071454
v -1.004740 -1.012713 0.822967
v -0.989727 -1.012713 0.807819
v -1.004740 -1.012713 1.185985
v -0.989727 -1.012713 1.201132
v -0.493047 -0.844395 1.179360
v -0.455050 -1.012713 0.829513
v -0.507850 -1.012713 1.204126
v -0.484705 -1.012713 1.195715
v -0.527169 -0.827092 0.791917
v -0.531964 -0.813182 0.806188
v -0.558460 -0.796546 0.795949
v -0.556669 -0.816532 0.782068
v -0.531964 -0.813182 1.197416
v -0.529406 -0.825223 1.215029
v -0.556676 -0.816496 1.226722
v -0.558459 -0.796504 1.212611
v -0.483674 -1.012713 0.810736
v -0.507850 -1.012713 0.804826
v -0.166357 -1.012713 1.195303
v -0.148785 -0.823308 0.824360
v -0.172955 -0.815250 0.820465
v -0.158445 -0.826850 0.807535
v -0.172955 -0.815250 1.197946
v -0.148785 -0.823308 1.193305
v -0.158444 -0.826835 1.210869
v -0.166357 -1.012713 0.822950
v -0.429704 -1.012713 1.186653
v -0.402258 -1.012713 1.195327
v -0.473556 -0.812209 0.808383
v -0.472047 -0.825638 0.793076
v -0.447340 -0.816107 0.783928
v -0.449933 -0.805003 0.798019
v -0.449932 -0.805003 1.199605
v -0.447343 -0.816093 1.213689
v -0.471720 -0.825136 1.204078
v -0.473555 -0.812209 1.188031
v -0.402262 -1.012713 0.802136
v -0.430244 -1.012713 0.810360
v -0.986631 -0.831318 0.799193
v -1.000375 -0.832909 0.932266
v -1.009536 -0.849805 0.801154
v -0.994619 -0.846562 0.785934
v -0.994738 -0.843538 1.222352
v -1.009536 -0.849805 1.207705
v -1.000375 -0.832909 1.209012
v -0.961176 -0.802084 1.209615
v -0.940031 -0.794744 1.209853
v -0.944633 -0.804220 1.224727
v -0.839253 -0.805478 0.782551
v -0.852609 -0.795856 0.796866
v -0.961176 -0.802084 1.035913
v -0.940163 -0.794823 1.015177
v -0.131217 -0.849230 1.201348
v -0.125884 -0.841995 1.185462
v -0.117196 -0.858992 1.181702
v -0.131413 -0.849081 0.815147
v -0.117196 -0.858992 0.833890
v -0.125884 -0.841995 0.830634
v -0.124971 -1.012713 0.847936
v -0.139630 -1.012713 0.829286
v -0.139380 -1.012713 1.187251
v -0.124971 -1.012713 1.167786
v -0.495945 -0.832299 1.161556
v -0.493007 -0.844565 0.815460
v -0.495945 -0.832299 0.831910
v -0.454991 -1.012713 1.165396
v 1.158520 -0.840610 0.679317
v 1.178389 -0.852977 0.676430
v 0.679426 -0.852331 0.597431
v 0.698597 -0.840610 0.602455
v 0.659559 -1.017705 0.576957
vn -0.0000 1.0000 -0.0000
vn -0.0000 -0.0000 -1.0000
vn 0.0980 -0.0000 -0.9952
vn 0.3827 -0.0000 -0.9239
vn 0.7071 -0.0000 -0.7071
vn 0.9239 -0.0000 -0.3827
vn 0.9952 -0.0000 -0.0980
vn 1.0000 -0.0000 -0.0000
vn 0.0980 -0.0000 0.9952
vn -0.0000 -0.0000 1.0000
vn 0.3827 -0.0000 0.9239
vn 0.7071 -0.0000 0.7071
vn 0.9239 -0.0000 0.3827
vn 0.9952 -0.0000 0.0980
vn 0.9550 0.2954 -0.0259
vn 0.8581 0.3188 0.4026
vn 0.8567 -0.3784 0.3505
vn 0.3249 -0.3170 0.8911
vn -0.3525 0.1797 0.9184
vn -0.3205 -0.3262 0.8893
vn 0.3604 -0.9327 0.0100
vn -0.3180 -0.8695 0.3779
vn -0.3623 -0.9320 0.0084
vn 0.2084 -0.5415 -0.8144
vn -0.3217 -0.7684 -0.5533
vn -0.2175 -0.5425 -0.8114
vn 0.5924 0.2228 -0.7742
vn 0.7935 -0.3059 -0.5261
vn 0.6142 -0.1515 -0.7744
vn -0.9012 -0.4333 0.0048
vn -0.9090 0.3705 -0.1909
vn -0.8890 -0.4219 -0.1780
vn 0.3842 -0.8972 -0.2177
vn -0.3839 -0.8987 -0.2118
vn -0.8077 -0.3064 -0.5038
vn -0.6228 0.2184 -0.7513
vn -0.6375 -0.1545 -0.7548
vn -0.2138 -0.0935 -0.9724
vn 0.1948 0.2708 -0.9427
vn 0.2041 -0.0933 -0.9745
vn 0.4019 0.8957 -0.1904
vn -0.3924 0.9197 -0.0162
vn 0.4005 0.9162 -0.0124
vn 0.1292 0.9836 0.1258
vn 0.0271 0.9277 0.3722
vn -0.3798 0.6092 0.6961
vn 0.1411 0.7459 0.6509
vn 0.9061 0.3700 -0.2051
vn 0.9007 -0.4344 0.0002
vn 0.8868 -0.4217 -0.1888
vn -0.9056 0.4103 0.1076
vn -0.9431 0.3325 -0.0063
vn 0.5429 0.8395 0.0217
vn 0.5305 0.8029 0.2717
vn 0.1963 0.5868 -0.7856
vn -0.3230 0.7683 -0.5527
vn 0.3096 0.7668 -0.5622
vn -0.8521 -0.3862 0.3532
vn 0.3227 -0.8665 0.3808
vn 0.7799 0.2749 -0.5623
vn 0.3129 -0.7649 -0.5630
vn -0.7976 0.2701 -0.5393
vn -0.8994 0.1541 0.4090
vn -0.3549 0.9292 0.1030
vn -0.3668 0.8154 0.4478
vn -0.2098 0.5859 -0.7827
vn -0.2072 0.2692 -0.9405
vn -0.4010 0.8984 -0.1791
vn 0.3737 0.3101 0.8742
vn -0.3694 -0.8809 -0.2958
vn 0.3151 -0.8540 0.4141
vn -0.3152 -0.8539 0.4141
vn -0.8740 0.0903 0.4774
vn -0.8833 0.3683 -0.2902
vn -0.8619 -0.4142 -0.2926
vn -0.3727 -0.9179 -0.1358
vn 0.3084 -0.5421 -0.7816
vn -0.2735 -0.5338 -0.8001
vn -0.9774 0.2111 -0.0130
vn -0.6768 -0.3107 0.6674
vn -0.9690 -0.2469 0.0100
vn -0.6722 0.2692 -0.6897
vn -0.6878 -0.1251 -0.7151
vn 0.2634 -0.7158 0.6467
vn 0.4292 -0.8963 -0.1116
vn -0.2913 0.9500 0.1128
vn 0.2939 0.6003 0.7439
vn -0.2803 0.5969 0.7517
vn 0.9328 0.3530 0.0732
vn 0.8558 0.1984 0.4778
vn 0.8383 -0.3749 0.3958
vn 0.0876 0.9333 0.3481
vn 0.4546 0.8728 0.1775
vn 0.3987 0.8832 -0.2471
vn 0.2898 0.7178 -0.6330
vn 0.3527 0.9275 0.1239
vn -0.2202 0.3741 -0.9009
vn 0.2530 0.6537 -0.7133
vn 0.2314 0.3778 -0.8965
vn -0.8705 -0.4482 0.2033
vn -0.8293 0.3630 -0.4249
vn -0.8584 -0.4149 -0.3018
vn -0.4507 0.8502 0.2721
vn 0.3751 0.8819 -0.2856
vn -0.3754 0.8811 -0.2876
vn 0.7572 0.1034 -0.6449
vn 0.8636 -0.4188 -0.2805
vn 0.7283 -0.2896 -0.6211
vn -0.3564 -0.8783 -0.3188
vn 0.3834 -0.9071 0.1735
vn -0.3835 -0.9059 0.1796
vn -0.7270 0.0995 -0.6793
vn -0.7009 -0.2852 -0.6537
vn 0.9692 -0.2294 0.0901
vn 0.7424 0.2476 -0.6225
vn 0.7524 -0.1375 -0.6442
vn 0.6930 -0.3059 0.6528
vn 0.9847 0.1648 0.0561
vn 0.4908 0.6581 0.5709
vn 0.8346 0.3666 -0.4111
vn 0.8731 -0.4461 0.1964
vn -0.2427 -0.6820 -0.6899
vn 0.3552 -0.8820 -0.3097
vn 0.2358 -0.2406 -0.9415
vn -0.2499 0.0716 -0.9656
vn 0.2638 0.0707 -0.9620
vn 0.0295 0.7108 0.7027
vn -0.3413 0.4056 0.8479
vn 0.0838 0.5272 0.8456
vn 0.2965 -0.3224 0.8990
vn -0.3294 0.0854 0.9403
vn -0.2965 -0.3223 0.8990
vn -0.8375 -0.3757 0.3967
vn 0.8953 0.3643 -0.2565
vn -0.2390 0.7147 -0.6573
vn -0.4008 0.8730 -0.2779
vn 0.8683 -0.4201 -0.2638
vn -0.2455 0.6493 -0.7198
vn -0.2520 -0.7146 0.6526
vn 0.9226 0.3186 0.2176
vn 0.4484 0.8543 0.2631
vn -0.9206 0.3176 0.2270
vn 0.3341 0.1843 0.9243
vn -0.3245 0.6564 0.6811
vn -0.3419 0.9069 0.2463
vn -0.8766 0.4113 0.2497
vn 0.2543 -0.6858 -0.6819
vn -0.2236 -0.2399 -0.9447
vn 0.7329 0.1288 0.6680
vn 0.3611 -0.8905 -0.2769
vn -0.7156 0.1327 0.6857
vn 0.8694 0.4400 0.2247
vn 0.9098 -0.1292 -0.3944
vn 0.8621 0.4774 -0.1701
vn 0.9287 0.3704 -0.0187
vn 0.8611 -0.1793 -0.4757
vn 0.9949 -0.0917 -0.0422
vn 0.8087 0.0526 0.5859
vn 0.1764 0.9777 -0.1144
vn -0.2844 0.7449 -0.6035
vn 0.2688 0.7421 -0.6141
vn -0.9050 0.4233 -0.0430
vn -0.8589 0.2762 -0.4313
vn -0.9080 -0.1351 -0.3966
vn -0.0286 0.9794 -0.1998
vn -0.3499 0.9274 -0.1324
vn -0.3044 0.9388 0.1614
vn -0.2570 0.8527 0.4548
vn -0.2168 0.9689 -0.1191
vn 0.2217 0.5641 0.7954
vn -0.2329 0.8113 0.5363
vn -0.2315 0.5676 0.7901
vn 0.9837 -0.1179 -0.1358
vn 0.8342 0.4518 0.3161
vn 0.9851 -0.0904 0.1464
vn 0.3602 0.9108 -0.2016
vn -0.2724 0.9416 0.1978
vn 0.3050 0.9361 0.1754
vn -0.7733 0.1887 0.6053
vn -0.9756 -0.0913 0.1996
vn -0.8291 -0.0996 0.5501
vn 0.7473 0.1837 0.6386
vn 0.8036 -0.0987 0.5869
vn -0.9500 0.3011 -0.0833
vn -0.8977 0.0127 0.4405
vn -0.9878 -0.1070 -0.1132
vn -0.8764 -0.1745 -0.4489
vn -0.3819 0.8334 -0.3995
vn -0.8126 0.4672 0.3484
vn -0.9927 -0.1113 -0.0457
vn -0.3017 -0.0735 0.9506
vn 0.2695 0.1385 0.9530
vn -0.2839 0.1373 0.9490
vn -0.0094 0.8696 -0.4936
vn 0.3273 0.5957 -0.7335
vn -0.0556 0.7483 -0.6610
vn -0.3416 -0.0770 -0.9367
vn 0.3585 0.1492 -0.9215
vn 0.3417 -0.0768 -0.9367
vn -0.8779 0.4374 0.1951
vn -0.7664 0.3621 0.5306
vn 0.6969 0.3963 0.5978
vn 0.3069 0.9328 0.1887
vn 0.2122 0.8505 0.4813
vn 0.2287 0.8071 0.5444
vn -0.7677 0.2090 -0.6057
vn -0.3712 0.9113 -0.1781
vn 0.7527 0.2093 -0.6242
vn -0.3663 0.2852 -0.8857
vn 0.8943 0.1477 -0.4223
vn 0.2970 0.8124 -0.5018
vn 0.2561 0.9546 -0.1523
vn 0.9763 -0.0586 0.2085
vn -0.9865 -0.0752 0.1457
vn 0.8997 0.3850 -0.2056
vn -0.9069 0.3938 -0.1498
vn -0.4351 0.1027 -0.8945
vn -0.2103 0.4141 -0.8856
vn 0.2525 0.3710 -0.8936
vn -0.0049 -0.2366 -0.9716
vn -0.6320 0.1474 -0.7608
vn -0.6149 -0.3349 -0.7140
vn 0.6272 0.2980 -0.7196
vn 0.6657 -0.1425 -0.7324
vn 0.1430 -0.9150 -0.3772
vn -0.6089 -0.7413 0.2825
vn 0.1155 -0.8934 0.4342
vn -0.1130 0.9430 -0.3130
vn -0.6780 0.6624 0.3188
vn -0.6859 0.6601 -0.3063
vn -0.0555 0.3489 0.9355
vn -0.4390 0.2173 0.8718
vn -0.3526 -0.3854 0.8528
vn -0.3068 0.9471 0.0944
vn -0.1492 0.8752 0.4603
vn 0.2109 0.8920 0.3999
vn 0.5679 0.7602 0.3155
vn -0.1259 0.9213 0.3680
vn 0.7334 -0.5893 0.3388
vn 0.7537 -0.5822 -0.3051
vn 0.3242 -0.9205 -0.2181
vn 0.2451 -0.9094 0.3362
vn -0.0156 -0.9344 0.3559
vn -0.1982 -0.4416 -0.8750
vn 0.0427 0.3318 -0.9424
vn 0.0215 -0.4239 -0.9055
vn -0.0822 -0.2162 0.9729
vn 0.5586 0.2725 0.7834
vn 0.5956 -0.1532 0.7885
vn -0.6146 0.1432 0.7757
vn -0.6028 -0.3295 0.7267
vn 0.1552 0.8655 -0.4763
vn 0.0662 0.9188 -0.3891
vn 0.0643 0.9189 0.3892
vn 0.0392 0.3321 0.9424
vn -0.1941 -0.4406 0.8765
vn 0.0102 -0.4209 0.9070
vn 0.8709 -0.4618 -0.1680
vn 0.8866 0.2816 0.3670
vn 0.8124 -0.4622 0.3555
vn 0.2752 -0.3923 0.8777
vn 0.0008 -0.9332 -0.3593
vn -0.2096 -0.9016 0.3784
vn -0.2127 -0.8999 -0.3806
vn -0.1818 0.8859 0.4268
vn 0.0972 -0.3578 -0.9287
vn -0.6381 0.7692 0.0341
vn -0.8086 0.4579 -0.3694
vn -0.8047 0.5865 0.0920
vn -0.8740 -0.3580 0.3287
vn -0.9238 0.1039 -0.3686
vn -0.8740 -0.3579 -0.3287
vn -0.8847 0.3538 0.3035
vn -0.9009 0.0934 -0.4239
vn -0.9004 0.1041 0.4224
vn 0.9217 0.3728 0.1071
vn 0.9548 0.1546 -0.2540
vn 0.9084 0.3663 -0.2015
vn 0.6908 -0.0550 0.7210
vn 0.6019 0.3670 0.7092
vn 0.5186 -0.0004 0.8550
vn -0.6277 0.7729 0.0930
vn -0.9136 0.3171 -0.2545
vn 0.5554 0.7917 0.2546
vn -0.1592 0.9659 -0.2044
vn 0.5542 0.8245 -0.1145
vn -0.6324 0.7388 0.2329
vn -0.1829 0.9518 0.2463
vn -0.3713 0.1918 0.9085
vn -0.0898 0.5434 0.8346
vn -0.4773 0.3418 0.8096
vn 0.5222 0.1570 -0.8382
vn 0.7727 0.3847 -0.5049
vn 0.7951 0.1674 -0.5830
vn 0.9992 0.0001 -0.0406
vn 0.9790 -0.0632 0.1936
vn 0.9522 -0.2183 0.2139
vn -0.6709 0.7371 0.0805
vn -0.5522 0.8177 -0.1625
vn -0.7070 0.7050 -0.0559
vn 0.8211 0.0187 0.5704
vn 0.5294 -0.0397 0.8474
vn 0.8061 -0.1376 0.5756
vn 0.2192 0.1325 0.9666
vn -0.2269 0.5419 0.8092
vn -0.2475 0.1654 0.9547
vn 0.1733 0.0528 0.9835
vn -0.2477 0.5290 0.8117
vn -0.1680 0.1140 0.9792
vn -0.6546 0.2398 0.7169
vn -0.8191 0.4271 0.3829
vn -0.7982 0.2608 0.5430
vn 0.4991 -0.0314 -0.8660
vn 0.7749 0.0646 -0.6287
vn 0.7405 -0.1163 -0.6619
vn -0.1930 0.5389 -0.8199
vn 0.2414 0.1307 -0.9616
vn -0.2103 0.1575 -0.9649
vn 0.2456 0.9220 0.2992
vn -0.2021 0.9332 -0.2972
vn -0.1945 0.9445 0.2646
vn -0.8276 0.4611 -0.3201
vn -0.6632 0.2412 -0.7085
vn -0.8213 0.2635 -0.5060
vn 0.4559 0.8673 0.1997
vn 0.6663 0.7255 -0.1723
vn 0.4520 0.8607 -0.2343
vn -0.1955 0.9363 0.2916
vn 0.1877 0.9385 -0.2896
vn -0.1807 0.9361 -0.3018
vn -0.4724 0.1597 0.8668
vn -0.7399 0.2760 0.6135
vn -0.5924 0.1833 0.7845
vn 0.2121 0.9324 -0.2926
vn -0.2359 0.9682 0.0837
vn 0.1992 0.9252 0.3231
vn 0.0776 0.4428 -0.8933
vn -0.4394 0.1568 -0.8845
vn 0.2354 0.0591 -0.9701
vn -0.2204 0.5145 -0.8287
vn 0.1640 0.0542 -0.9850
vn -0.1538 0.1118 -0.9818
vn 0.6408 -0.0337 -0.7669
vn -0.2244 0.5587 -0.7985
vn 0.2700 0.4810 -0.8341
vn 0.2245 0.0857 -0.9707
vn -0.4088 0.1146 0.9054
vn 0.3028 0.4632 0.8329
vn -0.2659 0.3575 0.8953
vn -0.3237 0.7480 0.5794
vn -0.4771 0.8191 0.3186
vn -0.5352 0.6314 0.5612
vn 0.7889 0.3850 0.4789
vn 0.5513 0.1590 0.8190
vn 0.8151 0.1669 0.5548
vn 0.8542 0.5153 0.0692
vn 0.8066 0.3956 0.4393
vn 0.8869 0.1872 0.4223
vn -0.2067 0.0859 -0.9746
vn 0.0171 -0.1494 -0.9886
vn -0.2340 -0.0953 -0.9675
vn 0.4752 0.1340 -0.8696
vn 0.7993 0.0318 -0.6000
vn 0.3548 -0.0727 -0.9321
vn 0.3288 0.9415 0.0738
vn -0.2871 0.9408 -0.1801
vn 0.0435 0.9788 0.2000
vn -0.2889 0.7579 -0.5849
vn 0.1497 0.4759 -0.8666
vn -0.2024 0.4796 -0.8538
vn -0.8831 0.0573 -0.4658
vn -0.6152 0.1696 -0.7699
vn -0.6399 -0.0182 -0.7682
vn 0.4808 0.8526 0.2046
vn 0.1904 0.9254 0.3278
vn 0.4599 0.7994 0.3866
vn 0.7661 0.2777 -0.5796
vn 0.4361 -0.4315 -0.7897
vn 0.5157 0.2817 -0.8091
vn 0.0531 0.8146 0.5775
vn -0.8032 0.5506 0.2274
vn -0.8253 0.5303 -0.1942
vn -0.9829 0.1088 -0.1487
vn -0.5100 0.6952 0.5066
vn 0.9370 0.2939 0.1890
vn 0.6938 0.6534 -0.3028
vn 0.6986 0.6515 0.2959
vn -0.3663 -0.8733 0.3212
vn -0.3521 -0.3847 -0.8533
vn -0.3663 -0.8733 -0.3212
vn 0.2573 -0.4132 -0.8735
vn 0.2688 -0.8877 -0.3738
vn 0.2204 0.3670 0.9037
vn 0.5936 0.7601 -0.2644
vn 0.2391 0.8838 -0.4022
vn 0.2300 -0.4201 0.8778
vn -0.6138 -0.7413 -0.2716
vn -0.1667 0.3567 0.9192
vn -0.1737 0.3558 -0.9183
vn -0.1900 0.8825 -0.4302
vn 0.3349 0.8703 0.3611
vn 0.3134 0.2895 0.9044
vn -0.9030 0.2101 0.3747
vn -0.6196 0.7035 -0.3483
vn -0.2117 0.9139 -0.3464
vn 0.2043 0.4984 0.8425
vn 0.7066 0.3933 -0.5882
vn 0.6591 0.7442 0.1088
vn 0.2541 0.4876 0.8353
vn 0.6421 0.1778 0.7457
vn 0.2489 0.4892 -0.8359
vn 0.6252 0.1812 -0.7592
vn -0.6516 0.4746 -0.5917
vn -0.6481 0.4884 0.5843
vn -0.5474 0.8219 0.1577
vn 0.5408 0.4742 -0.6947
vn 0.1831 0.9390 0.2912
vn 0.5593 0.4765 0.6783
vn -0.6505 0.3335 0.6824
vn -0.6299 0.7029 -0.3305
vn -0.6215 0.7258 -0.2948
vn -0.1879 0.9460 -0.2643
vn -0.0952 0.9434 0.3176
vn 0.9228 0.3288 -0.2007
vn 0.8867 0.0333 -0.4611
vn 0.1602 0.0552 -0.9855
vn 0.6891 0.3296 -0.6454
vn 0.3115 0.9255 -0.2153
vn 0.8167 0.5255 -0.2385
vn -0.2992 0.7472 0.5935
vn -0.2692 0.9452 0.1845
vn 0.0686 -0.8722 -0.4843
vn 0.6864 -0.4551 -0.5671
vn 0.4495 0.8687 -0.2081
vn 0.9433 0.2834 -0.1726
vn 0.1167 0.2947 -0.9484
vn -0.0541 0.1655 0.9847
vn 0.2504 -0.8965 0.3654
vn 0.0153 0.2061 -0.9784
vn 0.7614 0.2231 0.6087
vn 0.2423 0.9236 -0.2972
vn 0.2192 0.5291 0.8198
vn 0.2477 0.5342 -0.8083
vn -0.6148 0.2993 -0.7297
vn -0.5485 0.2993 -0.7808
vn -0.7653 0.3201 -0.5585
vn 0.2548 0.7474 -0.6136
vn 0.9751 0.1003 -0.1977
vn -0.7885 0.3024 0.5355
vn 0.3758 0.1196 0.9189
vn -0.2701 -0.8873 0.3738
vn 0.3650 -0.8738 -0.3213
vn 0.3650 -0.8738 0.3214
vn 0.4350 0.1027 0.8945
vn 0.2102 0.4139 0.8857
vn -0.2526 0.3711 0.8936
vn -0.1443 -0.9146 0.3778
vn -0.7325 -0.5905 -0.3387
vn -0.7530 -0.5830 0.3051
vn -0.0093 0.2207 0.9753
vn 0.6071 -0.3411 0.7177
vn 0.0062 -0.2548 0.9670
vn -0.6283 0.2983 0.7185
vn -0.6633 -0.1432 0.7345
vn 0.5849 -0.7587 -0.2868
vn -0.1176 -0.8943 -0.4318
vn 0.1142 0.9469 0.3006
vn 0.6899 0.6469 -0.3248
vn 0.6989 0.6437 0.3117
vn 0.0554 0.3488 -0.9356
vn 0.4390 0.2173 -0.8718
vn 0.3519 -0.3858 -0.8528
vn 0.2758 0.9606 -0.0344
vn 0.1746 0.8808 -0.4402
vn -0.2105 0.8921 -0.3997
vn -0.5688 0.7596 -0.3155
vn 0.1262 0.9246 -0.3595
vn -0.8672 0.4299 0.2513
vn -0.6553 0.7023 -0.2780
vn -0.8620 0.4334 -0.2627
vn 0.1702 -0.4493 0.8770
vn -0.3818 0.3783 0.8433
vn -0.2641 -0.4186 0.8689
vn 0.2390 0.8584 0.4540
vn -0.2467 0.8918 -0.3793
vn -0.2484 0.8912 0.3795
vn -0.5979 0.1244 -0.7919
vn -0.2445 -0.4214 -0.8733
vn -0.5645 -0.3134 -0.7636
vn -0.2805 -0.8896 0.3606
vn 0.1422 -0.9125 -0.3835
vn 0.1477 -0.9117 0.3835
vn -0.6307 0.1204 0.7666
vn -0.5961 -0.3101 0.7407
vn 0.0828 -0.2411 -0.9670
vn -0.5598 0.2729 -0.7824
vn -0.5901 -0.1545 -0.7924
vn 0.5922 -0.3354 -0.7327
vn 0.0595 0.1748 -0.9828
vn 0.4962 0.7260 -0.4762
vn -0.3674 0.3812 -0.8483
vn 0.1636 -0.4470 -0.8794
vn -0.6313 -0.7296 0.2631
vn -0.2721 -0.8926 -0.3595
vn -0.9220 -0.2775 -0.2698
vn -0.9540 0.0873 0.2869
vn -0.9495 0.0864 -0.3015
vn 0.6392 0.7689 -0.0124
vn 0.8086 0.4579 0.3694
vn 0.7555 0.6504 -0.0784
vn 0.8740 -0.3580 -0.3287
vn 0.9238 0.1039 0.3686
vn 0.8740 -0.3579 0.3287
vn 0.3513 -0.3851 0.8534
vn -0.2582 -0.4128 0.8735
vn -0.2204 0.3670 -0.9037
vn -0.5951 0.7590 0.2643
vn -0.2389 0.8839 0.4021
vn -0.2308 -0.4197 -0.8778
vn -0.6624 0.6984 0.2711
vn 0.5912 -0.7580 0.2754
vn 0.1835 0.3178 -0.9302
vn 0.2303 0.8621 -0.4514
vn 0.1927 0.3169 0.9287
vn 0.9030 0.2101 -0.3747
vn 0.6196 0.7034 0.3483
vn 0.2119 0.9139 0.3464
vn -0.6232 -0.7327 -0.2734
vn -0.9259 -0.2769 0.2569
vn 0.6128 0.1479 -0.7763
vn -0.2517 -0.8962 -0.3654
vn 0.6313 0.1523 0.7605
vn 0.2249 0.4354 -0.8717
vn -0.3853 -0.1202 -0.9149
vn -0.1557 0.4852 -0.8604
vn -0.0192 0.3720 -0.9280
vn -0.4594 -0.1822 -0.8693
vn -0.0443 -0.0925 -0.9947
vn 0.5709 0.0544 -0.8192
vn -0.1120 0.9774 -0.1793
vn -0.5892 0.7540 0.2905
vn -0.6001 0.7512 -0.2749
vn -0.0222 0.4444 0.8956
vn -0.4223 0.2869 0.8599
vn -0.3861 -0.1244 0.9140
vn -0.1964 0.9786 0.0613
vn -0.0886 0.9343 0.3452
vn 0.1780 0.9369 0.3008
vn 0.4395 0.8596 0.2607
vn -0.1167 0.9686 0.2196
vn 0.7831 0.5785 -0.2281
vn 0.5211 0.8200 0.2370
vn 0.7777 0.5819 0.2378
vn -0.1289 -0.1195 -0.9844
vn 0.3017 0.4562 -0.8372
vn 0.1398 -0.0905 -0.9860
vn -0.2051 0.9099 -0.3605
vn 0.1682 0.9419 0.2908
vn 0.1539 0.9375 -0.3120
vn 0.5927 0.1953 0.7814
vn 0.1562 -0.0905 0.9836
vn 0.5357 -0.1009 0.8384
vn 0.6256 0.1904 -0.7565
vn 0.5721 -0.1002 -0.8140
vn -0.0834 0.3032 0.9493
vn 0.4261 0.0134 0.9046
vn -0.1139 -0.1082 0.9876
vn -0.4328 -0.1771 0.8839
vn -0.3958 0.8249 0.4036
vn 0.3146 0.4666 0.8266
vn -0.0759 -0.1121 0.9908
vn 0.9470 -0.0764 0.3120
vn 0.9495 0.1445 -0.2786
vn 0.9453 0.1432 0.2931
vn -0.4764 0.8789 0.0221
vn -0.7203 0.6087 -0.3327
vn -0.6848 0.7257 0.0662
vn -0.9322 -0.0727 0.3546
vn -0.9169 0.1599 -0.3656
vn -0.9322 -0.0725 -0.3547
vn 0.1970 0.4296 0.8813
vn 0.5145 0.3681 0.7745
vn 0.5815 0.4031 -0.7067
vn 0.2001 0.9309 -0.3055
vn 0.4660 0.8581 -0.2159
vn 0.5292 0.8159 -0.2329
vn -0.5917 0.2142 0.7772
vn -0.1896 0.9106 0.3671
vn -0.6103 0.2146 -0.7625
vn -0.8793 0.2953 0.3738
vn -0.4158 0.1589 -0.8955
vn -0.4863 0.8202 -0.3012
vn -0.1253 0.9578 -0.2586
vn 0.2012 -0.0583 -0.9778
vn 0.1388 -0.0737 0.9876
vn -0.2050 0.3809 -0.9016
vn -0.1686 0.3880 0.9061
vn 0.2525 0.3710 0.8936
vn -0.2103 0.4141 0.8856
vn -0.4351 0.1027 0.8945
vn -0.0049 -0.2366 0.9716
vn -0.6320 0.1474 0.7608
vn 0.0153 0.2061 0.9784
vn 0.6272 0.2980 0.7196
vn 0.6657 -0.1425 0.7324
vn 0.1430 -0.9150 0.3772
vn -0.6089 -0.7413 -0.2825
vn -0.6138 -0.7413 0.2716
vn -0.6780 0.6624 -0.3188
vn -0.1129 0.9430 0.3130
vn -0.6859 0.6601 0.3063
vn -0.3526 -0.3853 -0.8528
vn -0.4390 0.2173 -0.8718
vn -0.0555 0.3489 -0.9355
vn 0.2108 0.8920 -0.3998
vn -0.1649 0.8785 -0.4484
vn -0.2880 0.9561 -0.0538
vn 0.5679 0.7602 -0.3155
vn 0.5936 0.7601 0.2644
vn 0.7334 -0.5893 -0.3388
vn 0.7537 -0.5822 0.3051
vn -0.0156 -0.9344 -0.3558
vn 0.3244 -0.9204 0.2181
vn 0.0686 -0.8720 0.4846
vn -0.1982 -0.4416 0.8750
vn 0.0427 0.3318 0.9424
vn -0.1737 0.3558 0.9183
vn -0.0822 -0.2162 -0.9729
vn 0.5586 0.2725 -0.7834
vn -0.0541 0.1655 -0.9847
vn -0.6146 0.1432 -0.7757
vn -0.6028 -0.3294 -0.7267
vn 0.0643 0.9189 -0.3892
vn 0.0662 0.9188 0.3891
vn 0.1552 0.8654 0.4764
vn -0.1941 -0.4406 -0.8765
vn 0.0392 0.3321 -0.9424
vn 0.0102 -0.4210 -0.9070
vn 0.8866 0.2816 -0.3670
vn 0.8709 -0.4618 0.1680
vn 0.8124 -0.4622 -0.3555
vn 0.2752 -0.3923 -0.8777
vn 0.3134 0.2895 -0.9044
vn -0.2096 -0.9016 -0.3784
vn 0.0008 -0.9332 0.3593
vn -0.2127 -0.8999 0.3806
vn -0.1818 0.8859 -0.4268
vn -0.1900 0.8825 0.4302
vn 0.0972 -0.3578 0.9287
vn 0.0215 -0.4239 0.9055
vn -0.8086 0.4579 0.3694
vn -0.6385 0.7694 -0.0193
vn -0.7785 0.6218 -0.0858
vn -0.9238 0.1039 0.3686
vn -0.8739 -0.3580 -0.3287
vn -0.8740 -0.3579 0.3287
vn -0.9009 0.0934 0.4239
vn -0.8847 0.3538 -0.3036
vn -0.9004 0.1041 -0.4224
vn 0.9228 0.3742 -0.0914
vn 0.9510 0.1540 0.2680
vn 0.9766 0.1493 -0.1547
vn 0.6908 -0.0550 -0.7210
vn 0.6019 0.3670 -0.7092
vn 0.7613 0.2231 -0.6088
vn -0.9136 0.3172 0.2543
vn -0.6277 0.7729 -0.0932
vn 0.5557 0.7910 -0.2562
vn -0.1633 0.9649 0.2056
vn -0.1782 0.9525 -0.2469
vn -0.6328 0.7392 -0.2306
vn -0.3713 0.1918 -0.9085
vn -0.4773 0.3418 -0.8096
vn -0.0898 0.5434 -0.8346
vn 0.5222 0.1570 0.8382
vn 0.7727 0.3847 0.5049
vn 0.5408 0.4742 0.6947
vn 0.9521 -0.2183 -0.2139
vn 0.9790 -0.0632 -0.1938
vn 0.9992 0.0001 0.0405
vn -0.6710 0.7370 -0.0805
vn -0.5522 0.8177 0.1626
vn -0.5474 0.8219 -0.1577
vn 0.5294 -0.0397 -0.8474
vn 0.8211 0.0187 -0.5704
vn 0.8061 -0.1376 -0.5756
vn 0.2898 0.1330 -0.9478
vn -0.1601 0.5325 -0.8311
vn 0.2884 0.5362 -0.7933
vn 0.1733 0.0528 -0.9835
vn -0.2477 0.5290 -0.8117
vn 0.2540 0.4876 -0.8353
vn -0.6546 0.2398 -0.7169
vn -0.8191 0.4271 -0.3829
vn -0.6482 0.4884 -0.5843
vn 0.4991 -0.0314 0.8660
vn 0.7749 0.0646 0.6287
vn 0.6252 0.1812 0.7592
vn 0.2414 0.1307 0.9616
vn -0.1930 0.5389 0.8199
vn -0.2103 0.1575 0.9649
vn -0.2017 0.9331 0.2977
vn 0.2456 0.9220 -0.2992
vn -0.1949 0.9447 -0.2638
vn -0.6632 0.2412 0.7085
vn -0.8276 0.4611 0.3202
vn -0.8213 0.2635 0.5060
vn 0.4551 0.8687 -0.1958
vn 0.6674 0.7221 0.1822
vn 0.6575 0.7470 -0.0987
vn -0.1809 0.9360 0.3019
vn 0.2048 0.9400 -0.2730
vn -0.1682 0.9356 -0.3103
vn -0.4724 0.1597 -0.8668
vn -0.7399 0.2760 -0.6135
vn -0.6505 0.3335 -0.6824
vn 0.1990 0.9251 -0.3235
vn -0.2359 0.9681 -0.0839
vn 0.2122 0.9325 0.2923
vn -0.4394 0.1568 0.8845
vn 0.0776 0.4428 0.8933
vn 0.2354 0.0591 0.9701
vn 0.1639 0.0542 0.9850
vn -0.2203 0.5145 0.8287
vn -0.1538 0.1118 0.9818
vn 0.6408 -0.0337 0.7669
vn 0.7066 0.3933 0.5882
vn 0.2245 0.0857 0.9707
vn 0.2700 0.4810 0.8341
vn -0.2244 0.5587 0.7985
vn -0.3237 0.7480 -0.5794
vn -0.5352 0.6314 -0.5612
vn -0.4771 0.8191 -0.3186
vn 0.5513 0.1590 -0.8190
vn 0.7889 0.3850 -0.4789
vn 0.8151 0.1669 -0.5548
vn -0.5991 0.2594 0.7575
vn 0.1109 0.0951 0.9893
vn -0.3595 0.2306 0.9042
vn 0.7661 0.2777 0.5796
vn 0.4361 -0.4315 0.7897
vn 0.6864 -0.4551 0.5671
vn -0.5009 0.7147 -0.4881
vn 0.6938 0.6534 0.3028
vn 0.9369 0.2939 -0.1891
vn 0.6986 0.6515 -0.2959
vn -0.3664 -0.8733 0.3213
vn -0.3521 -0.3847 0.8533
vn 0.2573 -0.4133 0.8735
vn 0.2688 -0.8877 0.3738
vn 0.2204 0.3670 -0.9037
vn 0.2300 -0.4201 -0.8778
vn 0.5956 -0.1532 -0.7885
vn -0.6149 -0.3349 0.7140
vn -0.1667 0.3567 -0.9192
vn 0.3349 0.8703 -0.3611
vn 0.2451 -0.9094 -0.3362
vn -0.9030 0.2101 -0.3747
vn -0.6196 0.7035 0.3483
vn -0.2117 0.9139 0.3464
vn 0.9051 0.3652 0.2178
vn 0.6421 0.1778 -0.7457
vn 0.2489 0.4892 0.8359
vn -0.6516 0.4746 0.5917
vn 0.1874 0.9383 0.2908
vn 0.4526 0.8593 0.2381
vn 0.5593 0.4765 -0.6783
vn -0.6295 0.7022 0.3325
vn -0.6215 0.7259 0.2946
vn -0.1879 0.9460 0.2640
vn -0.0952 0.9434 -0.3176
vn 0.9228 0.3288 0.2007
vn 0.8867 0.0334 0.4611
vn 0.3348 0.0048 0.9423
vn 0.0658 0.3209 0.9448
vn -0.2712 0.2886 0.9182
vn -0.4564 0.0657 0.8874
vn 0.4495 0.8687 0.2081
vn 0.9433 0.2834 0.1726
vn 0.1167 0.2947 0.9484
vn 0.5157 0.2816 0.8091
vn 0.1155 -0.8934 -0.4342
vn -0.1258 0.9213 -0.3680
vn 0.2504 -0.8965 -0.3654
vn 0.2390 0.8838 0.4022
vn 0.5536 0.8251 0.1134
vn 0.2043 0.4984 -0.8425
vn 0.5186 -0.0004 -0.8550
vn 0.1697 0.1036 -0.9800
vn 0.7951 0.1674 0.5830
vn 0.7405 -0.1163 0.6619
vn 0.8254 -0.1570 0.5423
vn 0.2422 0.9236 0.2972
vn -0.7073 0.7047 0.0563
vn -0.1885 0.1539 -0.9699
vn 0.2477 0.5342 0.8083
vn -0.6148 0.2993 0.7297
vn -0.1680 0.1140 -0.9792
vn -0.5485 0.2993 0.7808
vn -0.3644 0.1701 0.9156
vn -0.9248 0.1767 0.3368
vn 0.0242 -0.1544 0.9877
vn -0.0122 -0.1235 0.9923
vn 0.3650 -0.8738 0.3213
vn -0.2702 -0.8873 -0.3738
vn 0.3650 -0.8738 -0.3214
vn -0.2526 0.3711 -0.8936
vn 0.2102 0.4139 -0.8857
vn 0.4350 0.1027 -0.8946
vn -0.7326 -0.5905 0.3387
vn -0.1443 -0.9146 -0.3778
vn -0.7530 -0.5830 -0.3051
vn 0.6071 -0.3411 -0.7177
vn -0.0093 0.2207 -0.9753
vn 0.0062 -0.2548 -0.9670
vn -0.6283 0.2983 -0.7185
vn -0.6633 -0.1432 -0.7345
vn 0.5849 -0.7587 0.2868
vn 0.5913 -0.7580 -0.2754
vn 0.6899 0.6469 0.3249
vn 0.1142 0.9469 -0.3006
vn 0.6989 0.6437 -0.3117
vn 0.3519 -0.3858 0.8528
vn 0.4390 0.2173 0.8718
vn 0.0554 0.3488 0.9356
vn -0.2106 0.8921 0.3998
vn 0.1668 0.8788 0.4471
vn 0.2860 0.9569 0.0500
vn -0.5688 0.7596 0.3155
vn -0.5951 0.7590 -0.2643
vn -0.8672 0.4299 -0.2513
vn -0.6553 0.7023 0.2780
vn -0.6624 0.6984 -0.2711
vn 0.1702 -0.4493 -0.8770
vn -0.3818 0.3783 -0.8433
vn 0.1927 0.3169 -0.9287
vn -0.2484 0.8912 -0.3795
vn 0.2303 0.8621 0.4514
vn 0.2390 0.8584 -0.4540
vn -0.2445 -0.4214 0.8733
vn -0.5979 0.1244 0.7919
vn -0.5645 -0.3134 0.7636
vn 0.1422 -0.9125 0.3835
vn -0.2805 -0.8896 -0.3606
vn 0.1477 -0.9117 -0.3835
vn -0.2642 -0.4186 -0.8689
vn -0.6307 0.1204 -0.7666
vn 0.0828 -0.2412 0.9669
vn -0.5598 0.2729 0.7824
vn 0.0595 0.1749 0.9828
vn 0.5922 -0.3354 0.7327
vn 0.6128 0.1479 0.7763
vn 0.5000 0.7168 0.4860
vn 0.1636 -0.4470 0.8794
vn -0.3674 0.3812 0.8484
vn -0.2721 -0.8926 0.3595
vn -0.6313 -0.7296 -0.2631
vn -0.9540 0.0873 -0.2869
vn -0.9220 -0.2775 0.2698
vn -0.9495 0.0864 0.3015
vn 0.8086 0.4579 -0.3694
vn 0.6386 0.7693 0.0180
vn 0.7748 0.6265 0.0847
vn 0.9238 0.1039 -0.3686
vn 0.8740 -0.3580 0.3287
vn 0.8740 -0.3579 -0.3287
vn 0.3514 -0.3851 -0.8534
vn -0.2581 -0.4128 -0.8735
vn -0.2204 0.3670 0.9037
vn -0.2308 -0.4197 0.8778
vn -0.5901 -0.1545 0.7924
vn -0.2467 0.8918 0.3793
vn 0.1835 0.3177 0.9303
vn 0.9030 0.2101 0.3747
vn 0.6196 0.7034 -0.3483
vn 0.2119 0.9138 -0.3464
vn -0.8620 0.4334 0.2627
vn -0.6232 -0.7327 0.2734
vn -0.9259 -0.2769 -0.2569
vn -0.5961 -0.3101 -0.7407
vn -0.1176 -0.8943 0.4318
vn 0.1262 0.9246 0.3595
vn -0.2517 -0.8962 0.3654
vn -0.2389 0.8839 -0.4021
vn 0.6313 0.1523 -0.7605
vn -0.1578 0.4828 0.8614
vn -0.3845 -0.1232 0.9149
vn 0.2534 0.3044 0.9182
vn -0.4594 -0.1822 0.8693
vn -0.0192 0.3720 0.9280
vn -0.0442 -0.0925 0.9947
vn 0.5709 0.0544 0.8192
vn 0.5815 0.4031 0.7067
vn -0.5892 0.7540 -0.2905
vn -0.1120 0.9774 0.1793
vn -0.6001 0.7512 0.2749
vn -0.3858 -0.1279 -0.9137
vn -0.4222 0.2851 -0.8605
vn -0.0403 0.4254 -0.9041
vn 0.2876 0.8522 -0.4370
vn -0.1246 0.9272 -0.3532
vn -0.2147 0.9757 -0.0432
vn 0.5569 0.7783 -0.2901
vn 0.5878 0.7725 0.2404
vn 0.7831 0.5785 0.2281
vn 0.5211 0.8199 -0.2370
vn 0.5292 0.8159 0.2329
vn -0.1289 -0.1195 0.9844
vn 0.3017 0.4562 0.8372
vn -0.2050 0.3809 0.9016
vn 0.1682 0.9419 -0.2908
vn -0.2051 0.9099 0.3605
vn 0.1539 0.9375 0.3120
vn 0.1562 -0.0905 -0.9836
vn 0.5927 0.1953 -0.7814
vn 0.5357 -0.1009 -0.8384
vn 0.1398 -0.0905 0.9860
vn 0.6256 0.1904 0.7566
vn 0.4262 0.0134 -0.9046
vn -0.0834 0.3032 -0.9493
vn -0.1139 -0.1083 -0.9876
vn -0.4328 -0.1771 -0.8839
vn -0.5917 0.2142 -0.7772
vn -0.4095 0.8381 -0.3605
vn -0.0759 -0.1121 -0.9908
vn 0.3146 0.4666 -0.8266
vn 0.9495 0.1445 0.2786
vn 0.9470 -0.0764 -0.3120
vn 0.9453 0.1432 -0.2931
vn -0.7203 0.6087 0.3327
vn -0.4765 0.8789 -0.0222
vn -0.7146 0.6992 -0.0226
vn -0.9169 0.1586 0.3663
vn -0.9324 -0.0748 -0.3537
vn -0.9323 -0.0746 0.3539
vn 0.2265 0.2938 -0.9286
vn 0.5145 0.3681 -0.7744
vn -0.1896 0.9106 -0.3672
vn -0.6104 0.2146 0.7625
vn -0.8788 0.3207 -0.3534
vn -0.4148 0.1571 0.8962
vn -0.4863 0.8202 0.3012
vn -0.1391 0.9550 0.2621
vn 0.7777 0.5819 -0.2378
vn -0.1168 0.9686 -0.2196
vn 0.2012 -0.0583 0.9778
vn 0.3034 0.8431 0.4439
vn 0.1393 -0.0741 -0.9875
vn 0.5721 -0.1002 0.8140
vn 0.9513 -0.0752 0.2989
vn -0.1686 0.3880 -0.9061
vn 0.9425 0.3341 -0.0104
vn 0.2886 -0.0722 0.9547
vn 0.9744 0.1503 0.1673
vn 0.1697 0.1036 0.9800
vn 0.9681 -0.2505 0.0001
vn 0.9686 -0.2481 -0.0142
vn -0.3644 0.1701 -0.9156
vn -0.9062 0.1595 0.3916
vn 0.8254 -0.1571 -0.5423
vn 0.9513 -0.0752 -0.2989
vn 0.9686 -0.2481 0.0141
vn 0.9681 -0.2505 -0.0001
vn -0.7982 0.2608 -0.5430
vn -0.5924 0.1833 -0.7845
vt 0.009066 0.926481
vt 0.000000 0.880905
vt 0.073519 0.990934
vt 1.806125 0.607948
vt 0.925363 0.004990
vt 1.806125 0.004990
vt 0.925363 0.607948
vt 0.878902 0.004990
vt 0.878902 0.607948
vt 0.832441 0.004990
vt 0.832441 0.607948
vt 0.785980 0.004990
vt 0.785980 0.607948
vt 0.739519 0.004990
vt 0.739519 0.607948
vt 0.278982 0.004990
vt -0.367398 0.004990
vt -1.248160 0.607948
vt -1.248160 0.004990
vt -0.320937 0.004990
vt -0.367398 0.607948
vt -0.274476 0.004990
vt -0.320937 0.607948
vt -0.228015 0.004990
vt -0.274476 0.607948
vt -0.181554 0.004990
vt -0.228015 0.607948
vt -0.181554 0.607948
vt 0.035610 0.904557
vt 0.036134 0.898676
vt 0.050173 0.897917
vt 0.034150 0.883762
vt 0.019226 0.897069
vt 0.018358 0.884930
vt 0.003842 0.975434
vt 0.017025 0.952233
vt 0.017628 0.977837
vt 0.005279 0.994366
vt 0.016870 0.993521
vt 0.016506 0.994437
vt 0.032212 0.939225
vt 0.034732 0.949872
vt 0.033812 0.949593
vt 0.002708 0.925307
vt 0.018943 0.937420
vt 0.003768 0.939907
vt 0.004424 0.992073
vt 0.017238 0.992193
vt 0.018151 0.950646
vt 0.020334 0.939474
vt 0.019035 0.950334
vt 0.020276 0.950255
vt 0.031199 0.939709
vt 0.032610 0.949560
vt 0.032564 0.936660
vt 0.018651 0.924620
vt 0.034146 0.922440
vt 0.032095 0.902336
vt 0.031116 0.901186
vt 0.019265 0.898335
vt 0.033579 0.898787
vt 0.033572 0.937140
vt 0.050173 0.922934
vt 0.048498 0.940017
vt 0.018174 0.902373
vt 0.017573 0.924788
vt 0.034494 0.904015
vt 0.034798 0.899865
vt 0.031450 0.938605
vt 0.020593 0.938071
vt 0.031930 0.937831
vt 0.017286 0.951232
vt 0.018100 0.952024
vt 0.004048 0.952056
vt 0.002954 0.951825
vt 0.003808 0.950994
vt 0.016436 0.995700
vt 0.017565 0.994943
vt 0.032672 0.938615
vt 0.018343 0.992371
vt 0.017987 0.993960
vt 0.003668 0.993800
vt 0.004855 0.993419
vt 0.019902 0.938929
vt 0.018271 0.897732
vt 0.019194 0.902895
vt 0.019186 0.901714
vt 0.035448 0.897999
vt 0.021068 0.938823
vt 0.021365 0.939922
vt 0.004132 0.994899
vt 0.005353 0.995700
vt 0.019968 0.936915
vt 0.016764 0.950831
vt 0.036061 0.949991
vt 0.003336 0.992221
vt 0.002708 0.975313
vt 0.035346 0.883824
vt 0.034391 0.897515
vt 0.017240 0.885084
vt 0.018745 0.977994
vt 0.130881 0.941605
vt 0.117241 0.922610
vt 0.130018 0.921779
vt 0.071756 0.873102
vt 0.075025 0.891323
vt 0.055954 0.896843
vt 0.130772 0.947432
vt 0.117771 0.943349
vt 0.130758 0.942776
vt 0.074989 0.896007
vt 0.059774 0.901704
vt 0.060800 0.899726
vt 0.074977 0.892765
vt 0.057493 0.897992
vt 0.116908 0.949196
vt 0.117384 0.947191
vt 0.076871 0.895583
vt 0.092055 0.896684
vt 0.077158 0.898018
vt 0.091486 0.879541
vt 0.093901 0.871720
vt 0.108307 0.870566
vt 0.084668 0.876063
vt 0.090404 0.879189
vt 0.091771 0.890814
vt 0.091825 0.892054
vt 0.091949 0.894587
vt 0.080888 0.913900
vt 0.092235 0.911077
vt 0.091843 0.912810
vt 0.059159 0.903393
vt 0.078934 0.912292
vt 0.063192 0.915588
vt 0.077271 0.899265
vt 0.092298 0.909799
vt 0.079767 0.911059
vt 0.092677 0.913139
vt 0.097092 0.925240
vt 0.095562 0.924987
vt 0.129446 0.963019
vt 0.116654 0.950508
vt 0.131444 0.951251
vt 0.078387 0.926621
vt 0.080126 0.914395
vt 0.079801 0.926074
vt 0.107349 0.895532
vt 0.092917 0.892233
vt 0.109934 0.893696
vt 0.108627 0.897078
vt 0.093708 0.894608
vt 0.089811 0.873053
vt 0.093379 0.910831
vt 0.109537 0.898541
vt 0.108431 0.910516
vt 0.128955 0.964570
vt 0.116826 0.962206
vt 0.094291 0.925024
vt 0.081171 0.915118
vt 0.091815 0.914064
vt 0.083800 0.875043
vt 0.075793 0.872285
vt 0.088102 0.872557
vt 0.090515 0.857857
vt 0.075836 0.871073
vt 0.075970 0.857857
vt 0.116979 0.921656
vt 0.116268 0.922439
vt 0.130171 0.920736
vt 0.131007 0.921496
vt 0.131929 0.941665
vt 0.092551 0.890843
vt 0.076147 0.892578
vt 0.075871 0.891202
vt 0.116695 0.942384
vt 0.116577 0.944177
vt 0.080124 0.912302
vt 0.132591 0.951119
vt 0.131251 0.949827
vt 0.132511 0.949389
vt 0.092975 0.897831
vt 0.092118 0.897841
vt 0.076382 0.899427
vt 0.115605 0.950254
vt 0.089766 0.871398
vt 0.090698 0.871966
vt 0.074920 0.871698
vt 0.075825 0.874946
vt 0.075812 0.875959
vt 0.074837 0.875494
vt 0.117003 0.963779
vt 0.116856 0.965115
vt 0.115859 0.964142
vt 0.130061 0.965126
vt 0.128866 0.965967
vt 0.093099 0.896552
vt 0.132051 0.943434
vt 0.132372 0.947379
vt 0.117697 0.942254
vt 0.130649 0.963425
vt 0.115605 0.962424
vt 0.076014 0.898118
vt 0.115857 0.948676
vt 0.115995 0.947115
vt 0.091584 0.857930
vt 0.074955 0.857859
vt 0.056139 0.873710
vt 0.111401 0.892311
vt 0.168412 0.932937
vt 0.167041 0.929942
vt 0.170279 0.917526
vt 0.186039 0.912223
vt 0.170582 0.910692
vt 0.187611 0.910439
vt 0.170614 0.916159
vt 0.189132 0.914692
vt 0.117714 0.894352
vt 0.131394 0.891903
vt 0.130914 0.893938
vt 0.169350 0.913057
vt 0.154290 0.909700
vt 0.169431 0.910583
vt 0.153203 0.925984
vt 0.152882 0.933183
vt 0.138153 0.938611
vt 0.158856 0.929812
vt 0.154169 0.926429
vt 0.153925 0.915628
vt 0.154009 0.914403
vt 0.154116 0.911841
vt 0.130735 0.897764
vt 0.117969 0.898977
vt 0.121808 0.860448
vt 0.132107 0.860799
vt 0.131606 0.879744
vt 0.188703 0.908839
vt 0.171599 0.895977
vt 0.188587 0.896210
vt 0.138310 0.909548
vt 0.152935 0.914117
vt 0.135181 0.911278
vt 0.153213 0.909710
vt 0.136891 0.907765
vt 0.170780 0.881869
vt 0.170510 0.895942
vt 0.154797 0.895423
vt 0.153702 0.895350
vt 0.135932 0.906091
vt 0.136767 0.893919
vt 0.172971 0.860406
vt 0.155732 0.876322
vt 0.162999 0.857154
vt 0.136198 0.872964
vt 0.117174 0.879132
vt 0.131611 0.890554
vt 0.116709 0.890536
vt 0.154331 0.908533
vt 0.190305 0.881417
vt 0.159648 0.930695
vt 0.167413 0.932864
vt 0.155446 0.933101
vt 0.154447 0.947070
vt 0.168078 0.934144
vt 0.167237 0.946954
vt 0.199317 0.775864
vt 0.189494 0.806450
vt 0.189494 0.772364
vt 0.161790 0.963477
vt 0.175799 0.981054
vt 0.163883 0.978293
vt 0.230702 0.764813
vt 0.223137 0.776647
vt 0.227197 0.763011
vt 0.206248 0.780312
vt 0.199055 0.803475
vt 0.223297 0.777948
vt 0.228386 0.794951
vt 0.225477 0.797991
vt 0.229570 0.780907
vt 0.225868 0.778893
vt 0.207728 0.756721
vt 0.209882 0.775847
vt 0.204937 0.765823
vt 0.175143 0.983784
vt 0.163387 0.979541
vt 0.175502 0.982466
vt 0.239751 0.790074
vt 0.238958 0.781586
vt 0.248036 0.772425
vt 0.141842 0.964521
vt 0.144060 0.979810
vt 0.142267 0.978885
vt 0.238201 0.781011
vt 0.246090 0.770055
vt 0.246962 0.771123
vt 0.162089 0.947234
vt 0.144737 0.962068
vt 0.136797 0.950453
vt 0.245052 0.768874
vt 0.230312 0.780416
vt 0.229293 0.763086
vt 0.135547 0.951145
vt 0.141247 0.963076
vt 0.133495 0.952525
vt 0.246930 0.800705
vt 0.239072 0.791111
vt 0.247574 0.799804
vt 0.145093 0.981211
vt 0.160021 0.997831
vt 0.136489 0.992189
vt 0.235433 0.781795
vt 0.232576 0.791753
vt 0.230367 0.780996
vt 0.141671 0.980269
vt 0.135294 0.991430
vt 0.133495 0.990070
vt 0.159230 0.963107
vt 0.162611 0.978639
vt 0.161684 0.979443
vt 0.144904 0.962929
vt 0.160453 0.980280
vt 0.145279 0.980297
vt 0.227600 0.763080
vt 0.226015 0.776777
vt 0.224851 0.763168
vt 0.224207 0.799123
vt 0.207600 0.780136
vt 0.221932 0.777390
vt 0.229958 0.797087
vt 0.235225 0.808821
vt 0.232864 0.809523
vt 0.232713 0.792288
vt 0.246043 0.801875
vt 0.236765 0.808305
vt 0.231983 0.811608
vt 0.228936 0.796401
vt 0.236436 0.807819
vt 0.208032 0.803548
vt 0.224397 0.800136
vt 0.230880 0.812488
vt 0.099120 0.991476
vt 0.076067 0.981873
vt 0.096310 0.981241
vt 0.208354 0.777101
vt 0.206818 0.778963
vt 0.202833 0.776289
vt 0.160882 0.962075
vt 0.163730 0.947639
vt 0.165333 0.948117
vt 0.073060 0.966010
vt 0.065634 0.981522
vt 0.055954 0.981632
vt 0.089797 0.936699
vt 0.073452 0.927121
vt 0.092462 0.926785
vt 0.075127 0.938512
vt 0.069000 0.927927
vt 0.072036 0.927405
vt 0.074207 0.965633
vt 0.091765 0.942129
vt 0.085195 0.973869
vt 0.091335 0.941039
vt 0.076182 0.939135
vt 0.089949 0.937895
vt 0.095725 0.927330
vt 0.090817 0.937262
vt 0.093739 0.926991
vt 0.074457 0.967597
vt 0.083788 0.974550
vt 0.075800 0.980600
vt 0.167672 0.877960
vt 0.178676 0.863488
vt 0.171304 0.880945
vt 0.084937 0.975158
vt 0.096348 0.973188
vt 0.092874 0.941672
vt 0.108162 0.941209
vt 0.153900 0.932478
vt 0.238075 0.781801
vt 0.236957 0.790445
vt 0.236077 0.781866
vt 0.132579 0.918998
vt 0.132274 0.918076
vt 0.133237 0.918195
vt 0.119687 0.920572
vt 0.118829 0.919869
vt 0.119784 0.919541
vt 0.116882 0.900132
vt 0.117912 0.900134
vt 0.153177 0.915530
vt 0.169463 0.916121
vt 0.169500 0.917473
vt 0.131831 0.898661
vt 0.131866 0.896908
vt 0.115605 0.890809
vt 0.117011 0.891987
vt 0.115811 0.892531
vt 0.153517 0.908428
vt 0.170428 0.909332
vt 0.169570 0.909343
vt 0.132622 0.890824
vt 0.156036 0.877321
vt 0.155117 0.877250
vt 0.132412 0.859819
vt 0.133237 0.860685
vt 0.153371 0.934277
vt 0.166421 0.930470
vt 0.166350 0.929617
vt 0.221852 0.776361
vt 0.225447 0.799562
vt 0.160388 0.963499
vt 0.235526 0.781228
vt 0.236629 0.781143
vt 0.236513 0.791103
vt 0.237591 0.791090
vt 0.143769 0.980958
vt 0.143469 0.962301
vt 0.143688 0.963482
vt 0.162408 0.980425
vt 0.157836 0.962821
vt 0.159299 0.961919
vt 0.229013 0.779387
vt 0.231825 0.792004
vt 0.207183 0.802423
vt 0.208550 0.802276
vt 0.199563 0.774297
vt 0.210139 0.777174
vt 0.238867 0.790343
vt 0.239787 0.790465
vt 0.076275 0.937863
vt 0.073257 0.942429
vt 0.074445 0.944145
vt 0.073453 0.944064
vt 0.074572 0.981796
vt 0.095364 0.973940
vt 0.095247 0.972690
vt 0.117524 0.864556
vt 0.116363 0.864968
vt 0.116953 0.863607
vt 0.122138 0.859369
vt 0.120699 0.859934
vt 0.166775 0.878439
vt 0.166500 0.877468
vt 0.171743 0.882286
vt 0.116664 0.898409
vt 0.115997 0.894528
vt 0.152361 0.911644
vt 0.130857 0.898835
vt 0.132775 0.879846
vt 0.115958 0.879182
vt 0.171235 0.912986
vt 0.132429 0.892395
vt 0.132483 0.893967
vt 0.183512 0.940704
vt 0.226200 0.777595
vt 0.175021 0.958780
vt 0.236352 0.790581
vt 0.157873 0.961894
vt 0.160949 0.981451
vt 0.174684 0.985203
vt 0.231784 0.793676
vt 0.199306 0.805052
vt 0.189796 0.770940
vt 0.092079 0.939951
vt 0.074613 0.942958
vt 0.097025 0.927599
vt 0.056574 0.941036
vt 0.097716 0.981015
vt 0.072639 0.991476
vt 0.174200 0.861015
vt 0.190428 0.879999
vt 0.175343 0.960377
vt 0.133495 0.912644
vt 0.138540 0.939700
vt 0.225807 0.762322
vt 0.248470 0.798582
vt 0.189719 0.807790
vt 0.081018 0.925860
vt -0.000000 0.000000
vt 1.000000 -0.000000
vt 1.000000 1.000000
vt 0.119095 1.000000
vt 0.034882 0.965118
vt 0.278982 0.607948
vt 0.035174 0.922367
vt 0.002818 0.898575
vt 0.015423 0.898594
vt 0.190428 0.916183
vt 0.211014 0.820741
vt 0.207404 0.812104
vt 0.111032 0.975595
vt 0.102557 0.976115
vt 0.136299 0.871923
vt 0.182961 0.941798
vt 0.056956 0.939590
vt 0.071332 0.991156
vt 0.100376 0.991246
s 1
f 8/1/1 5/2/1 6/3/1
f 10/4/2 11/5/3 9/6/2
f 17/7/3 13/8/4 11/5/3
f 20/9/4 14/10/5 13/8/4
f 19/11/5 15/12/6 14/10/5
f 18/13/6 12/14/7 15/12/6
f 16/15/7 21/16/8 12/14/7
f 25/17/9 24/18/10 23/19/10
f 27/20/11 31/21/9 25/17/9
f 28/22/12 34/23/11 27/20/11
f 29/24/13 33/25/12 28/22/12
f 26/26/14 32/27/13 29/24/13
f 21/16/8 30/28/14 26/26/14
f 81/29/15 80/30/16 39/31/17
f 40/32/18 72/33/19 36/34/20
f 46/35/21 35/36/22 43/37/23
f 89/38/24 59/39/25 53/40/26
f 51/41/27 64/42/28 88/43/29
f 44/44/30 68/45/31 61/46/32
f 66/47/33 43/37/23 60/48/34
f 62/49/35 87/50/36 54/51/37
f 52/52/38 49/53/39 90/54/40
f 57/55/41 47/56/42 41/57/43
f 47/56/42 84/58/44 41/57/43
f 83/59/45 73/60/46 78/61/47
f 58/62/48 45/63/49 65/64/50
f 75/65/51 48/66/52 44/44/30
f 82/67/53 84/58/44 77/68/54
f 50/69/55 70/70/56 56/71/57
f 35/36/22 36/72/20 37/73/58
f 38/74/59 39/75/17 40/76/18
f 49/53/39 50/69/55 51/41/27
f 52/77/38 53/40/26 54/78/37
f 56/71/57 58/62/48 55/79/60
f 59/39/25 61/80/32 62/81/35
f 64/82/28 66/47/33 63/83/61
f 68/45/31 70/70/56 67/84/62
f 71/85/63 72/33/19 73/60/46
f 74/86/64 75/65/51 76/87/65
f 78/61/47 80/88/16 77/68/54
f 85/89/66 86/90/67 87/50/36
f 88/91/29 89/38/24 90/92/40
f 35/36/22 40/76/18 36/72/20
f 63/83/61 88/91/29 64/82/28
f 85/89/66 67/84/62 70/70/56
f 86/90/67 54/51/37 87/50/36
f 49/53/39 85/89/66 50/69/55
f 50/69/55 55/79/60 51/41/27
f 53/40/26 62/81/35 54/78/37
f 56/71/57 69/93/68 57/55/41
f 67/84/62 61/94/32 68/45/31
f 65/95/50 55/79/60 58/62/48
f 60/48/34 63/83/61 66/47/33
f 74/86/64 48/66/52 75/65/51
f 69/93/68 48/66/52 47/56/42
f 46/35/21 65/96/50 45/97/49
f 78/61/47 84/58/44 83/59/45
f 75/65/51 73/60/46 76/87/65
f 72/33/19 78/61/47 73/60/46
f 39/98/17 79/99/69 40/32/18
f 37/100/58 72/33/19 71/85/63
f 60/48/34 44/101/30 61/80/32
f 81/29/15 77/68/54 80/30/16
f 74/86/64 83/59/45 84/58/44
f 38/74/59 45/97/49 39/75/17
f 53/40/26 90/92/40 89/38/24
f 88/43/29 49/53/39 51/41/27
f 41/57/43 58/62/48 57/55/41
f 43/37/23 37/73/58 44/101/30
f 81/29/15 41/57/43 82/67/53
f 100/102/70 92/103/71 96/104/72
f 146/105/73 110/106/74 101/107/75
f 97/108/76 115/109/77 103/110/78
f 98/111/79 126/112/80 171/113/81
f 109/114/82 171/113/81 102/115/83
f 97/108/76 140/116/84 172/117/85
f 168/118/86 130/119/87 137/120/88
f 152/121/89 145/122/90 93/123/91
f 155/124/92 153/125/93 106/126/94
f 168/118/86 105/127/95 170/128/96
f 157/129/97 118/130/98 161/131/99
f 127/132/100 123/133/101 117/134/102
f 134/135/103 119/136/104 121/137/105
f 159/138/106 125/139/107 164/140/108
f 116/141/109 141/142/110 128/143/111
f 117/144/102 156/145/112 166/146/113
f 99/147/114 104/148/115 112/149/116
f 139/150/117 169/151/118 99/147/114
f 153/125/93 155/124/92 142/152/119
f 120/153/120 138/154/121 125/155/107
f 165/156/122 124/157/123 116/141/109
f 163/158/124 158/159/125 160/160/126
f 154/161/127 148/162/128 143/163/129
f 91/164/130 147/165/131 94/166/132
f 91/167/130 92/103/71 93/168/91
f 94/169/132 95/170/133 96/104/72
f 101/171/75 103/110/78 100/102/70
f 105/127/95 107/172/134 104/148/115
f 108/173/135 110/106/74 111/174/136
f 113/175/137 115/109/77 112/176/116
f 118/130/98 119/136/104 120/153/120
f 121/137/105 122/177/138 123/133/101
f 127/178/100 129/179/139 126/180/80
f 130/119/87 132/181/140 133/182/141
f 135/183/142 137/120/88 134/135/103
f 138/184/121 140/116/84 141/142/110
f 142/152/119 144/185/143 145/186/90
f 146/187/73 147/165/131 148/162/128
f 149/188/144 150/189/145 151/190/146
f 156/145/112 157/129/97 158/159/125
f 159/138/106 160/160/126 161/131/99
f 162/191/147 163/192/124 164/193/108
f 165/156/122 166/194/113 167/195/148
f 92/103/71 94/169/132 96/104/72
f 96/104/72 101/171/75 100/102/70
f 97/108/76 126/180/80 129/179/139
f 168/118/86 109/114/82 108/173/135
f 172/117/85 112/176/116 115/109/77
f 170/128/96 131/196/149 130/119/87
f 97/108/76 102/197/83 171/198/81
f 170/128/96 104/148/115 169/151/118
f 92/103/71 113/175/137 93/168/91
f 102/115/83 110/106/74 109/114/82
f 103/110/78 114/199/150 100/102/70
f 106/126/94 108/173/135 111/174/136
f 107/172/134 112/149/116 104/148/115
f 165/156/122 117/200/102 166/194/113
f 161/131/99 120/153/120 159/138/106
f 121/137/105 135/183/142 134/135/103
f 141/142/110 125/201/107 138/184/121
f 119/136/104 122/177/138 121/137/105
f 157/129/97 123/133/101 122/177/138
f 162/191/147 125/201/107 124/157/123
f 161/131/99 158/159/125 157/129/97
f 164/140/108 160/160/126 159/138/106
f 158/159/125 166/146/113 156/145/112
f 167/195/148 162/191/147 165/156/122
f 128/143/111 117/200/102 116/141/109
f 119/136/104 132/181/140 120/153/120
f 168/118/86 136/202/151 98/111/79
f 172/117/85 139/203/117 99/204/114
f 141/142/110 129/179/139 128/143/111
f 135/183/142 126/112/80 136/202/151
f 139/150/117 132/181/140 131/196/149
f 137/120/88 133/182/141 134/135/103
f 143/163/129 155/124/92 154/161/127
f 151/190/146 148/162/128 149/188/144
f 147/165/131 143/163/129 148/162/128
f 152/121/89 142/152/119 145/186/90
f 144/185/143 93/205/91 145/186/90
f 95/206/133 147/165/131 146/187/73
f 110/106/74 150/189/145 111/174/136
f 106/126/94 152/121/89 107/172/134
f 150/189/145 154/161/127 155/124/92
f 187/106/152 176/207/153 220/190/154
f 177/111/155 199/112/156 238/113/157
f 180/115/158 177/111/155 238/113/157
f 235/118/159 201/119/160 208/120/161
f 221/121/162 214/122/163 174/123/164
f 224/124/165 222/125/166 183/126/167
f 235/118/159 182/127/168 237/128/169
f 226/129/170 192/130/171 230/131/172
f 200/132/173 197/133/174 191/134/175
f 205/135/176 193/136/177 195/137/178
f 228/138/179 198/139/180 232/140/181
f 191/144/175 225/145/182 233/146/183
f 236/151/184 189/149/185 178/147/186
f 210/150/187 236/151/184 178/147/186
f 222/125/166 224/124/165 211/152/188
f 194/153/189 209/154/190 198/155/180
f 231/158/191 227/159/192 229/160/193
f 223/161/194 217/162/195 212/163/196
f 173/164/197 216/165/198 175/166/199
f 182/127/168 184/172/200 181/148/201
f 186/114/202 188/174/203 185/173/204
f 192/130/171 193/136/177 194/153/189
f 195/137/178 196/177/205 197/133/174
f 202/196/206 204/182/207 201/119/160
f 205/135/176 207/202/208 208/120/161
f 211/152/188 213/185/209 214/186/163
f 215/187/210 216/165/198 217/162/195
f 218/188/211 219/189/212 220/190/154
f 225/145/182 226/129/170 227/159/192
f 228/138/179 229/160/193 230/131/172
f 185/173/204 177/111/155 186/114/202
f 201/119/160 236/151/184 202/196/206
f 182/127/168 236/151/184 237/128/169
f 186/114/202 179/107/213 187/106/152
f 183/126/167 185/173/204 188/174/203
f 190/208/214 181/148/201 184/172/200
f 192/130/171 228/138/179 230/131/172
f 195/137/178 206/183/215 205/135/176
f 193/136/177 196/177/205 195/137/178
f 196/177/205 225/145/182 197/133/174
f 230/131/172 227/159/192 226/129/170
f 232/140/181 229/160/193 228/138/179
f 227/159/192 233/146/183 225/145/182
f 193/136/177 203/181/216 194/153/189
f 208/120/161 177/111/155 235/118/159
f 200/132/173 207/202/208 206/183/215
f 202/196/206 209/154/190 203/181/216
f 208/120/161 204/182/207 205/135/176
f 212/163/196 224/124/165 223/161/194
f 215/187/210 218/188/211 220/190/154
f 216/165/198 212/163/196 217/162/195
f 221/121/162 211/152/188 214/186/163
f 213/185/209 174/205/164 214/186/163
f 176/206/153 216/165/198 215/187/210
f 187/106/152 219/189/212 188/174/203
f 183/126/167 221/121/162 184/172/200
f 219/189/212 223/161/194 224/124/165
f 304/209/217 309/210/218 264/211/219
f 249/212/220 288/213/221 278/214/222
f 263/215/223 249/212/220 256/216/224
f 468/217/225 292/218/226 252/219/227
f 250/220/228 282/221/229 289/222/230
f 310/223/231 303/224/232 245/225/233
f 313/226/234 311/227/235 260/228/236
f 250/220/228 259/229/237 253/230/238
f 468/217/225 269/231/239 257/232/240
f 459/233/241 299/234/242 276/235/243
f 279/236/244 275/237/245 270/238/246
f 469/239/247 258/240/248 266/241/249
f 283/242/250 469/239/247 291/243/251
f 464/244/252 274/245/253 273/246/254
f 272/247/255 290/248/256 277/249/257
f 458/250/258 294/251/259 297/252/260
f 298/253/261 272/247/255 277/249/257
f 271/254/262 293/255/263 280/256/264
f 274/245/253 285/257/265 273/246/254
f 275/237/245 456/258/266 270/238/246
f 312/259/267 306/260/268 301/261/269
f 243/262/270 305/263/271 246/264/272
f 402/265/273 314/266/274 317/267/275
f 334/268/276 336/269/277 341/270/278
f 240/271/279 320/272/280 326/273/281
f 407/274/282 397/275/283 402/265/273
f 321/276/284 470/277/285 331/278/286
f 387/279/287 470/277/285 472/280/288
f 316/281/289 404/282/290 403/283/291
f 383/284/292 339/285/293 335/286/294
f 346/287/295 342/288/296 414/289/297
f 413/290/298 362/291/299 346/292/300
f 344/293/301 354/294/302 415/295/303
f 373/296/304 368/297/305 360/298/306
f 355/299/307 385/300/308 390/301/309
f 361/302/310 412/303/311 241/304/312
f 353/305/313 411/306/314 345/307/315
f 364/308/316 382/309/317 371/310/318
f 350/311/319 392/312/320 386/313/321
f 347/314/322 370/315/323 242/316/324
f 381/317/325 340/318/326 374/319/327
f 369/320/328 377/321/329 363/322/330
f 391/323/331 471/324/332 240/325/333
f 330/326/334 409/327/335 322/328/336
f 319/329/337 388/330/338 239/331/339
f 393/332/340 352/333/341 389/334/342
f 325/335/343 319/336/337 239/337/339
f 400/338/344 329/339/345 324/340/346
f 418/341/347 438/342/348 441/343/349
f 406/344/350 408/345/351 401/346/352
f 333/347/353 372/348/354 338/349/355
f 445/350/356 439/351/357 416/352/358
f 452/353/359 373/354/360 421/355/361
f 422/356/362 435/357/363 454/358/364
f 446/359/365 434/360/366 450/361/367
f 431/362/368 424/363/369 451/364/370
f 426/365/371 453/366/372 420/367/373
f 447/368/374 449/369/375 437/370/376
f 463/371/377 457/372/378 465/373/379
f 448/374/380 441/343/349 438/342/348
f 444/375/381 433/376/382 425/377/383
f 311/227/235 313/226/234 300/378/384
f 343/379/385 359/380/386 349/381/387
f 243/382/270 244/383/388 245/384/233
f 246/385/272 247/386/389 248/387/390
f 255/388/391 257/232/240 254/389/392
f 259/229/237 261/390/393 258/240/248
f 262/391/394 264/211/219 265/392/395
f 267/393/396 269/231/239 266/394/249
f 279/395/244 281/396/397 278/397/222
f 282/221/229 284/398/398 285/257/265
f 287/399/399 289/222/230 286/400/400
f 290/401/256 292/218/226 293/255/263
f 294/251/259 295/402/401 296/403/402
f 297/404/260 298/405/261 299/234/242
f 300/378/384 302/406/403 303/224/232
f 304/209/217 305/263/271 306/260/268
f 307/407/404 308/408/405 309/210/218
f 320/272/280 322/328/336 323/409/406
f 328/410/407 330/326/334 331/278/286
f 332/411/408 333/347/353 334/268/276
f 339/285/293 340/318/326 341/270/278
f 342/288/296 343/379/385 344/293/301
f 349/381/387 351/412/409 348/413/410
f 357/414/411 359/380/386 356/415/412
f 363/322/330 365/416/413 362/291/299
f 367/417/414 369/320/328 366/418/415
f 375/419/416 377/321/329 374/319/327
f 378/420/417 380/421/418 381/317/325
f 385/300/308 387/279/287 384/422/419
f 393/332/340 395/423/420 392/312/320
f 398/424/421 399/425/422 400/338/344
f 401/346/352 402/265/273 403/426/291
f 404/282/290 405/427/423 406/344/350
f 407/274/282 408/345/351 409/327/335
f 410/428/424 347/429/425 411/306/314
f 422/356/362 423/430/426 424/363/369
f 427/431/427 429/432/428 430/433/429
f 431/362/368 433/376/382 434/360/366
f 437/370/376 438/342/348 439/434/357
f 442/435/430 443/436/431 444/375/381
f 445/350/356 446/359/365 447/368/374
f 448/374/380 449/369/375 450/361/367
f 451/364/370 452/353/359 453/366/372
f 455/437/432 456/438/266 457/439/378
f 458/440/258 459/233/241 460/441/433
f 461/442/434 462/443/435 463/371/377
f 464/244/252 465/373/379 466/444/436
f 244/383/388 246/385/272 248/387/390
f 248/387/390 255/388/391 254/389/392
f 468/217/225 278/397/222 281/396/397
f 250/220/228 263/215/223 262/391/394
f 252/219/227 266/394/249 269/231/239
f 253/230/238 283/242/250 282/221/229
f 468/217/225 256/445/224 249/446/220
f 253/230/238 258/240/248 467/447/437
f 244/383/388 267/393/396 245/384/233
f 256/216/224 264/211/219 263/215/223
f 257/232/240 268/448/438 254/389/392
f 260/228/236 262/391/394 265/392/395
f 261/390/393 266/241/249 258/240/248
f 274/245/253 287/399/399 286/400/400
f 293/255/263 277/449/257 290/401/256
f 280/256/264 270/450/246 271/254/262
f 273/246/254 284/398/398 272/247/255
f 250/220/228 288/213/221 251/451/439
f 252/219/227 291/452/251 469/453/247
f 293/255/263 281/396/397 280/256/264
f 287/399/399 278/214/222 288/213/221
f 291/243/251 284/398/398 283/242/250
f 289/222/230 285/257/265 286/400/400
f 298/253/261 294/251/259 296/403/402
f 301/261/269 313/226/234 312/259/267
f 309/210/218 306/260/268 307/407/404
f 305/263/271 301/261/269 306/260/268
f 310/223/231 300/378/384 303/224/232
f 302/406/403 245/225/233 303/224/232
f 247/454/389 305/263/271 304/209/217
f 264/211/219 308/408/405 265/392/395
f 260/228/236 310/223/231 261/390/393
f 308/408/405 312/259/267 313/226/234
f 472/280/288 384/422/419 387/279/287
f 331/278/286 319/336/337 328/410/407
f 321/276/284 318/455/440 472/280/288
f 331/278/286 322/328/336 321/276/284
f 325/335/343 329/339/345 328/410/407
f 323/409/406 326/273/281 320/272/280
f 374/319/327 339/285/293 375/419/416
f 341/270/278 332/411/408 334/268/276
f 341/270/278 335/286/294 339/285/293
f 338/456/355 334/268/276 333/347/353
f 366/418/415 412/303/311 367/417/414
f 410/428/424 356/415/412 359/380/386
f 347/429/425 345/307/315 411/306/314
f 346/287/295 343/379/385 342/288/296
f 343/379/385 348/413/410 344/293/301
f 392/312/320 357/414/411 393/332/340
f 349/381/387 358/457/441 350/311/319
f 356/415/412 352/333/341 357/414/411
f 355/299/307 348/413/410 351/412/409
f 362/291/299 347/314/322 346/292/300
f 369/320/328 379/458/442 378/420/417
f 367/417/414 360/298/306 368/297/305
f 371/310/318 365/416/413 364/308/316
f 363/322/330 366/418/415 369/320/328
f 363/322/330 376/459/443 364/308/316
f 381/317/325 333/347/353 332/411/408
f 373/296/304 380/421/418 379/458/442
f 375/419/416 382/460/317 376/459/443
f 374/319/327 378/420/417 381/317/325
f 386/313/321 351/412/409 350/311/319
f 470/277/285 394/461/444 319/329/337
f 389/334/342 394/461/444 393/332/340
f 386/313/321 395/423/420 387/279/287
f 384/422/419 390/301/309 385/300/308
f 407/274/282 401/346/352 408/345/351
f 396/462/445 398/424/421 400/338/344
f 403/426/291 317/267/275 316/463/289
f 396/462/445 314/266/274 397/275/283
f 399/425/422 329/339/345 400/338/344
f 404/282/290 401/346/352 403/426/291
f 409/327/335 406/344/350 405/427/423
f 399/425/422 407/274/282 409/327/335
f 323/409/406 405/427/423 404/282/290
f 344/293/301 414/289/297 342/288/296
f 451/364/370 432/464/446 431/362/368
f 421/355/361 453/366/372 452/353/359
f 428/465/447 422/356/362 424/363/369
f 432/464/446 425/466/383 433/376/382
f 434/360/366 428/465/447 431/362/368
f 436/467/448 427/431/427 430/433/429
f 438/342/348 449/369/375 448/374/380
f 440/468/449 442/435/430 444/375/381
f 439/434/357 447/368/374 437/370/376
f 417/469/450 439/434/357 438/342/348
f 440/468/449 418/341/347 441/343/349
f 433/376/382 443/436/431 434/360/366
f 450/361/367 447/368/374 446/359/365
f 446/359/365 430/433/429 429/432/428
f 450/361/367 442/435/430 448/374/380
f 451/364/370 423/430/426 452/353/359
f 422/356/362 373/354/360 423/430/426
f 273/246/254 296/403/402 295/402/401
f 299/234/242 277/449/257 276/235/243
f 464/244/252 463/371/377 465/373/379
f 462/443/435 460/470/433 463/371/377
f 455/437/432 460/441/433 459/233/241
f 456/258/266 465/373/379 457/471/378
f 299/234/242 458/440/258 297/404/260
f 295/402/401 462/443/435 461/442/434
f 271/254/262 456/438/266 455/437/432
f 274/245/253 466/444/436 275/237/245
f 248/387/390 268/448/438 244/383/388
f 482/102/451 474/103/452 478/104/453
f 528/105/454 533/190/455 492/106/456
f 479/108/457 497/109/458 485/110/459
f 480/111/460 508/112/461 553/113/462
f 491/114/463 553/113/462 484/115/464
f 479/108/457 522/116/465 554/117/466
f 550/118/467 512/119/468 519/120/469
f 534/121/470 527/122/471 475/123/472
f 537/124/473 535/125/474 488/126/475
f 550/118/467 487/127/476 552/128/477
f 539/129/478 500/130/479 543/131/480
f 509/132/481 505/133/482 499/134/483
f 516/135/484 501/136/485 503/137/486
f 541/138/487 507/139/488 546/140/489
f 498/141/490 523/142/491 510/143/492
f 499/144/483 538/145/493 548/146/494
f 481/147/495 486/148/496 494/149/497
f 521/150/498 551/151/499 481/147/495
f 535/125/474 537/124/473 524/152/500
f 502/153/501 520/154/502 507/155/488
f 547/156/503 506/157/504 498/141/490
f 545/158/505 540/159/506 542/160/507
f 536/161/508 530/162/509 525/163/510
f 473/164/511 529/165/512 476/166/513
f 473/167/511 474/103/452 475/168/472
f 476/169/513 477/170/514 478/104/453
f 483/171/515 485/110/459 482/102/451
f 487/127/476 489/172/516 486/148/496
f 490/173/517 492/106/456 493/174/518
f 495/175/519 497/109/458 494/176/497
f 500/130/479 501/136/485 502/153/501
f 503/137/486 504/177/520 505/133/482
f 509/178/481 511/179/521 508/180/461
f 512/119/468 514/181/522 515/182/523
f 517/183/524 519/120/469 516/135/484
f 520/184/502 522/116/465 523/142/491
f 524/152/500 526/185/525 527/186/471
f 528/187/454 529/165/512 530/162/509
f 531/188/526 532/189/527 533/190/455
f 538/145/493 539/129/478 540/159/506
f 541/138/487 542/160/507 543/131/480
f 544/191/528 545/192/505 546/193/489
f 547/156/503 548/194/494 549/195/529
f 474/103/452 476/169/513 478/104/453
f 478/104/453 483/171/515 482/102/451
f 479/108/457 508/180/461 511/179/521
f 550/118/467 491/114/463 490/173/517
f 554/117/466 494/176/497 497/109/458
f 552/128/477 513/196/530 512/119/468
f 479/108/457 484/197/464 553/198/462
f 552/128/477 486/148/496 551/151/499
f 474/103/452 495/175/519 475/168/472
f 484/115/464 492/106/456 491/114/463
f 485/110/459 496/199/531 482/102/451
f 488/126/475 490/173/517 493/174/518
f 489/172/516 494/149/497 486/148/496
f 547/156/503 499/200/483 548/194/494
f 500/130/479 541/138/487 543/131/480
f 503/137/486 517/183/524 516/135/484
f 523/142/491 507/201/488 520/184/502
f 501/136/485 504/177/520 503/137/486
f 504/177/520 538/145/493 505/133/482
f 544/191/528 507/201/488 506/157/504
f 543/131/480 540/159/506 539/129/478
f 546/140/489 542/160/507 541/138/487
f 540/159/506 548/146/494 538/145/493
f 549/195/529 544/191/528 547/156/503
f 510/143/492 499/200/483 498/141/490
f 501/136/485 514/181/522 502/153/501
f 550/118/467 518/202/532 480/111/460
f 554/117/466 521/203/498 481/204/495
f 523/142/491 511/179/521 510/143/492
f 517/183/524 508/112/461 518/202/532
f 521/150/498 514/181/522 513/196/530
f 519/120/469 515/182/523 516/135/484
f 525/163/510 537/124/473 536/161/508
f 533/190/455 530/162/509 531/188/526
f 529/165/512 525/163/510 530/162/509
f 534/121/470 524/152/500 527/186/471
f 526/185/525 475/205/472 527/186/471
f 477/206/514 529/165/512 528/187/454
f 492/106/456 532/189/527 493/174/518
f 488/126/475 534/121/470 489/172/516
f 532/189/527 536/161/508 537/124/473
f 569/106/533 558/207/534 602/190/535
f 559/111/536 581/112/537 620/113/538
f 562/115/539 559/111/536 620/113/538
f 617/118/540 583/119/541 590/120/542
f 603/121/543 596/122/544 556/123/545
f 606/124/546 604/125/547 565/126/548
f 617/118/540 564/127/549 619/128/550
f 608/129/551 574/130/552 612/131/553
f 582/132/554 579/133/555 573/134/556
f 587/135/557 575/136/558 577/137/559
f 610/138/560 580/139/561 614/140/562
f 573/144/556 607/145/563 615/146/564
f 618/151/565 571/149/566 560/147/567
f 592/150/568 618/151/565 560/147/567
f 604/125/547 606/124/546 593/152/569
f 576/153/570 591/154/571 580/155/561
f 613/158/572 609/159/573 611/160/574
f 605/161/575 599/162/576 594/163/577
f 555/164/578 598/165/579 557/166/580
f 564/127/549 566/172/581 563/148/582
f 568/114/583 570/174/584 567/173/585
f 574/130/552 575/136/558 576/153/570
f 577/137/559 578/177/586 579/133/555
f 584/196/587 586/182/588 583/119/541
f 587/135/557 589/202/589 590/120/542
f 593/152/569 595/185/590 596/186/544
f 597/187/591 598/165/579 599/162/576
f 600/188/592 601/189/593 602/190/535
f 607/145/563 608/129/551 609/159/573
f 610/138/560 611/160/574 612/131/553
f 567/173/585 559/111/536 568/114/583
f 583/119/541 618/151/565 584/196/587
f 564/127/549 618/151/565 619/128/550
f 568/114/583 561/107/594 569/106/533
f 565/126/548 567/173/585 570/174/584
f 572/208/595 563/148/582 566/172/581
f 574/130/552 610/138/560 612/131/553
f 577/137/559 588/183/596 587/135/557
f 575/136/558 578/177/586 577/137/559
f 578/177/586 607/145/563 579/133/555
f 612/131/553 609/159/573 608/129/551
f 614/140/562 611/160/574 610/138/560
f 609/159/573 615/146/564 607/145/563
f 575/136/558 585/181/597 576/153/570
f 590/120/542 559/111/536 617/118/540
f 588/183/596 581/112/537 589/202/589
f 592/150/568 585/181/597 584/196/587
f 590/120/542 586/182/588 587/135/557
f 594/163/577 606/124/546 605/161/575
f 597/187/591 600/188/592 602/190/535
f 598/165/579 594/163/577 599/162/576
f 603/121/543 593/152/569 596/186/544
f 595/185/590 556/205/545 596/186/544
f 558/206/534 598/165/579 597/187/591
f 569/106/533 601/189/593 570/174/584
f 565/126/548 603/121/543 566/172/581
f 601/189/593 605/161/575 606/124/546
f 410/428/424 346/287/295 347/429/425
f 646/211/598 691/210/599 686/209/600
f 631/212/601 670/213/602 633/451/603
f 631/212/601 645/215/604 638/216/605
f 815/217/606 674/218/607 663/396/608
f 664/221/609 632/220/610 671/222/611
f 627/225/612 685/224/613 692/223/614
f 642/228/615 693/227/616 695/226/617
f 632/220/610 641/229/618 644/391/619
f 651/231/620 815/217/606 639/232/621
f 658/235/622 806/233/623 802/437/624
f 661/236/625 657/237/626 669/399/627
f 816/239/628 640/240/629 814/447/630
f 816/239/628 665/242/631 673/243/632
f 655/246/633 656/245/634 811/244/635
f 672/248/636 654/247/637 659/249/638
f 676/251/639 805/250/640 679/252/641
f 680/253/642 654/247/637 678/403/643
f 675/255/644 653/254/645 662/256/646
f 656/245/634 667/257/647 668/400/648
f 803/258/649 657/237/626 652/238/650
f 688/260/651 694/259/652 683/261/653
f 687/263/654 625/262/655 628/264/656
f 696/266/657 784/265/658 699/267/659
f 716/268/660 718/269/661 719/472/662
f 622/271/663 702/272/664 700/455/665
f 779/275/666 789/274/667 784/265/658
f 703/276/668 817/277/669 819/280/670
f 817/277/669 769/279/671 819/280/670
f 698/281/672 785/283/673 786/282/674
f 765/284/675 721/285/676 757/419/677
f 796/289/678 724/288/679 728/287/680
f 795/290/681 744/291/682 748/418/683
f 736/294/684 726/293/685 797/295/686
f 755/296/687 750/297/688 761/458/689
f 737/299/690 767/300/691 733/412/692
f 743/302/693 794/303/694 749/417/695
f 735/305/696 793/306/697 738/415/698
f 764/309/699 746/308/700 753/310/701
f 774/312/702 732/311/703 768/313/704
f 752/315/705 729/314/706 624/316/707
f 763/317/708 722/318/709 714/411/710
f 745/322/711 760/420/712 751/320/713
f 773/323/714 818/324/715 766/422/716
f 704/328/717 791/327/718 712/326/719
f 770/330/720 701/329/721 621/331/722
f 734/333/723 775/332/724 771/334/725
f 707/335/726 701/336/721 710/410/727
f 706/340/728 711/339/729 782/338/730
f 788/344/731 783/346/732 790/345/733
f 754/348/734 715/347/735 720/349/736
f 798/355/737 799/430/738 800/353/739
f 810/371/740 804/372/741 807/470/742
f 693/227/616 682/378/743 695/226/617
f 741/380/744 725/379/745 731/381/746
f 625/382/655 627/384/612 626/383/390
f 628/385/656 630/387/747 629/386/748
f 639/232/621 637/388/749 636/389/750
f 643/390/751 641/229/618 640/240/629
f 644/391/619 646/211/598 645/215/604
f 651/231/620 649/393/752 648/394/753
f 663/396/608 661/395/625 660/397/754
f 664/221/609 666/398/755 665/242/631
f 671/222/611 669/399/627 668/400/648
f 672/401/636 674/218/607 673/452/632
f 676/251/639 678/403/643 677/402/756
f 679/404/641 681/234/757 680/405/642
f 682/378/743 684/406/758 683/261/653
f 686/209/600 688/260/651 687/263/654
f 689/407/759 691/210/599 690/408/760
f 702/272/664 704/328/717 703/276/668
f 710/410/727 712/326/719 711/339/729
f 714/411/710 716/268/660 715/347/735
f 721/285/676 723/270/761 722/318/709
f 724/288/679 726/293/685 725/379/745
f 733/412/692 731/381/746 730/413/762
f 741/380/744 739/414/763 738/415/698
f 747/416/764 745/322/711 744/291/682
f 751/320/713 749/417/695 748/418/683
f 759/321/765 757/419/677 756/319/766
f 760/420/712 762/421/767 761/458/689
f 769/279/671 767/300/691 766/422/716
f 777/423/768 775/332/724 774/312/702
f 780/424/769 782/338/730 781/425/770
f 783/346/732 785/426/673 784/265/658
f 786/282/674 788/344/731 787/427/771
f 789/274/667 791/327/718 790/345/733
f 792/428/772 793/306/697 729/429/773
f 969/356/774 968/363/775 799/430/738
f 971/364/776 970/366/777 800/353/739
f 802/437/624 804/439/741 803/438/649
f 805/440/640 807/441/742 806/233/623
f 808/442/778 810/371/740 809/443/779
f 811/244/635 813/444/780 812/373/781
f 628/385/656 626/383/390 630/387/747
f 637/388/749 630/387/747 636/389/750
f 660/397/754 815/217/606 663/396/608
f 645/215/604 632/220/610 644/391/619
f 648/394/753 634/219/782 651/231/620
f 665/242/631 635/230/783 664/221/609
f 815/217/606 638/445/605 639/232/621
f 635/230/783 640/240/629 641/229/618
f 626/383/390 649/393/752 650/448/784
f 646/211/598 638/216/605 645/215/604
f 639/232/621 650/448/784 651/231/620
f 644/391/619 642/228/615 647/392/785
f 643/390/751 648/241/753 649/473/752
f 669/399/627 656/245/634 668/400/648
f 675/255/644 659/449/638 658/235/622
f 652/450/650 662/256/646 653/254/645
f 655/246/633 666/398/755 667/257/647
f 632/220/610 670/213/602 671/222/611
f 634/219/782 673/452/632 674/218/607
f 663/396/608 675/255/644 662/256/646
f 669/399/627 660/214/754 661/236/625
f 666/398/755 673/243/632 665/242/631
f 671/222/611 667/257/647 664/221/609
f 676/251/639 680/253/642 678/403/643
f 695/226/617 683/261/653 694/259/652
f 691/210/599 688/260/651 686/209/600
f 687/263/654 683/261/653 684/406/758
f 682/378/743 692/223/614 685/224/613
f 684/406/758 627/225/612 625/474/655
f 687/263/654 629/454/748 686/209/600
f 646/211/598 690/408/760 691/210/599
f 642/228/615 692/223/614 693/227/616
f 694/259/652 690/408/760 695/226/617
f 766/422/716 819/280/670 769/279/671
f 713/278/786 701/336/721 817/277/669
f 700/455/665 703/276/668 819/280/670
f 704/328/717 713/278/786 703/276/668
f 711/339/729 707/335/726 710/410/727
f 705/409/787 708/273/788 709/475/789
f 756/319/766 721/285/676 722/318/709
f 714/411/710 723/270/761 716/268/660
f 723/270/761 717/286/790 718/269/661
f 716/268/660 720/456/736 715/347/735
f 748/418/683 794/303/694 795/290/681
f 738/415/698 792/428/772 741/380/744
f 729/429/773 727/307/791 624/476/792
f 725/379/745 728/287/680 724/288/679
f 725/379/745 730/413/762 731/381/746
f 774/312/702 739/414/763 740/457/793
f 731/381/746 740/457/793 741/380/744
f 738/415/698 734/333/723 735/305/696
f 730/413/762 737/299/690 733/412/692
f 729/314/706 744/291/682 728/292/794
f 761/458/689 751/320/713 760/420/712
f 749/417/695 742/298/795 743/302/693
f 747/416/764 753/310/701 746/308/700
f 748/418/683 745/322/711 751/320/713
f 745/322/711 758/459/796 759/321/765
f 715/347/735 763/317/708 714/411/710
f 762/421/767 755/296/687 761/458/689
f 757/419/677 764/460/699 765/284/675
f 760/420/712 756/319/766 763/317/708
f 733/412/692 768/313/704 732/311/703
f 817/277/669 776/461/797 777/423/768
f 776/461/797 771/334/725 775/332/724
f 768/313/704 777/423/768 774/312/702
f 766/422/716 772/301/798 773/323/714
f 789/274/667 783/346/732 784/265/658
f 780/424/769 778/462/799 782/338/730
f 699/267/659 785/426/673 698/463/672
f 778/462/799 696/266/657 697/477/800
f 781/425/770 711/339/729 712/326/719
f 783/346/732 786/282/674 785/426/673
f 788/344/731 791/327/718 787/427/771
f 789/274/667 781/425/770 791/327/718
f 787/427/771 705/409/787 786/282/674
f 726/293/685 796/289/678 797/295/686
f 800/353/739 972/367/801 798/355/737
f 800/353/739 968/363/775 971/364/776
f 969/356/774 755/354/802 801/358/803
f 678/403/643 655/246/633 677/402/756
f 659/449/638 681/234/757 658/235/622
f 811/244/635 810/371/740 808/442/778
f 809/443/779 807/470/742 805/250/640
f 807/441/742 802/437/624 806/233/623
f 803/258/649 812/373/781 813/444/780
f 681/234/757 805/440/640 806/233/623
f 809/443/779 677/402/756 808/442/778
f 803/438/649 653/254/645 802/437/624
f 656/245/634 813/444/780 811/244/635
f 626/383/390 636/389/750 630/387/747
f 821/103/804 829/102/805 825/104/806
f 839/106/807 880/190/808 875/105/809
f 844/109/810 826/108/811 832/110/812
f 855/112/813 827/111/814 900/113/815
f 900/113/815 838/114/816 831/115/817
f 826/108/811 869/116/818 858/179/819
f 859/119/820 897/118/821 866/120/822
f 822/123/823 874/122/824 881/121/825
f 835/126/826 882/125/827 884/124/828
f 897/118/821 834/127/829 837/173/830
f 886/129/831 847/130/832 851/177/833
f 856/132/834 852/133/835 864/183/836
f 850/137/837 862/182/838 863/135/839
f 854/139/840 888/138/841 893/140/842
f 870/142/843 845/141/844 857/143/845
f 846/144/846 885/145/847 852/133/835
f 828/147/848 833/148/849 898/151/850
f 868/150/851 898/151/850 860/196/852
f 882/125/827 871/152/853 884/124/828
f 867/154/854 849/153/855 854/155/840
f 853/157/856 894/156/857 845/141/844
f 887/159/858 892/158/859 889/160/860
f 877/162/861 883/161/862 872/163/863
f 876/165/864 820/164/865 823/166/866
f 820/167/865 822/168/823 821/103/804
f 823/169/866 825/104/806 824/170/867
f 832/110/812 830/171/868 829/102/805
f 836/172/869 834/127/829 833/148/849
f 837/173/830 839/106/807 838/114/816
f 844/109/810 842/175/870 841/176/871
f 847/130/832 849/153/855 848/136/872
f 850/137/837 852/133/835 851/177/833
f 858/179/819 856/178/834 855/180/813
f 859/119/820 861/181/873 860/196/852
f 866/120/822 864/183/836 863/135/839
f 867/184/854 869/116/818 868/203/851
f 871/152/853 873/185/874 872/163/863
f 875/187/809 877/162/861 876/165/864
f 878/188/875 880/190/808 879/189/876
f 885/145/847 887/159/858 886/129/831
f 888/138/841 890/131/877 889/160/860
f 891/191/878 893/193/842 892/192/859
f 894/156/857 896/195/879 895/194/880
f 823/169/866 821/103/804 825/104/806
f 830/171/868 825/104/806 829/102/805
f 855/180/813 826/108/811 858/179/819
f 838/114/816 897/118/821 837/173/830
f 841/176/871 901/117/881 844/109/810
f 860/196/852 899/128/882 859/119/820
f 826/108/811 831/197/817 832/110/812
f 899/128/882 833/148/849 834/127/829
f 821/103/804 842/175/870 843/199/883
f 839/106/807 831/115/817 838/114/816
f 832/110/812 843/199/883 844/109/810
f 837/173/830 835/126/826 840/174/884
f 836/172/869 841/149/871 842/208/870
f 894/156/857 846/200/846 845/141/844
f 888/138/841 847/130/832 890/131/877
f 864/183/836 850/137/837 863/135/839
f 870/142/843 854/201/840 853/157/856
f 851/177/833 848/136/872 850/137/837
f 851/177/833 885/145/847 886/129/831
f 854/201/840 891/191/878 853/157/856
f 887/159/858 890/131/877 886/129/831
f 889/160/860 893/140/842 888/138/841
f 887/159/858 895/146/880 896/478/879
f 896/195/879 891/191/878 892/192/859
f 846/200/846 857/143/845 845/141/844
f 848/136/872 861/181/873 862/182/838
f 897/118/821 865/202/885 866/120/822
f 901/117/881 868/203/851 869/116/818
f 858/179/819 870/142/843 857/143/845
f 864/183/836 855/112/813 856/132/834
f 861/181/873 868/150/851 860/196/852
f 866/120/822 862/182/838 859/119/820
f 884/124/828 872/163/863 883/161/862
f 880/190/808 877/162/861 875/187/809
f 876/165/864 872/163/863 873/185/874
f 871/152/853 881/121/825 874/186/824
f 873/185/874 822/205/823 820/164/865
f 876/165/864 824/206/867 875/187/809
f 839/106/807 879/189/876 880/190/808
f 835/126/826 881/121/825 882/125/827
f 883/161/862 879/189/876 884/124/828
f 949/190/886 905/207/887 916/106/888
f 928/112/889 906/111/890 967/113/891
f 909/115/892 906/111/890 915/114/893
f 930/119/894 964/118/895 937/120/896
f 903/123/897 943/122/898 950/121/899
f 912/126/900 951/125/901 953/124/902
f 964/118/895 911/127/903 914/173/904
f 955/129/905 921/130/906 925/177/907
f 929/132/908 926/133/909 935/183/910
f 922/136/911 934/135/912 924/137/913
f 927/139/914 957/138/915 961/140/916
f 920/144/917 954/145/918 926/133/909
f 918/149/919 965/151/920 907/147/921
f 939/150/922 965/151/920 931/196/923
f 951/125/901 940/152/924 953/124/902
f 938/154/925 923/153/926 927/155/914
f 956/159/927 960/158/928 958/160/929
f 946/162/930 952/161/931 941/163/932
f 945/165/933 902/164/934 904/166/935
f 913/172/936 911/127/903 910/148/937
f 914/173/904 916/106/888 915/114/893
f 921/130/906 923/153/926 922/136/911
f 924/137/913 926/133/909 925/177/907
f 933/182/938 931/196/923 930/119/894
f 934/135/912 936/202/939 935/183/910
f 940/152/924 942/185/940 941/163/932
f 944/187/941 946/162/930 945/165/933
f 947/188/942 949/190/886 948/189/943
f 954/145/918 956/159/927 955/129/905
f 957/138/915 959/131/944 958/160/929
f 914/173/904 906/111/890 964/118/895
f 930/119/894 965/151/920 966/128/945
f 965/151/920 911/127/903 966/128/945
f 915/114/893 908/107/946 909/115/892
f 914/173/904 912/126/900 917/174/947
f 910/148/937 919/208/948 913/172/936
f 957/138/915 921/130/906 959/131/944
f 935/183/910 924/137/913 934/135/912
f 925/177/907 922/136/911 924/137/913
f 925/177/907 954/145/918 955/129/905
f 956/159/927 959/131/944 955/129/905
f 958/160/929 961/140/916 957/138/915
f 956/159/927 962/146/949 963/478/950
f 922/136/911 932/181/951 933/182/938
f 906/111/890 937/120/896 964/118/895
f 935/183/910 928/112/889 929/132/908
f 932/181/951 939/150/922 931/196/923
f 937/120/896 933/182/938 930/119/894
f 953/124/902 941/163/932 952/161/931
f 947/188/942 944/187/941 949/190/886
f 945/165/933 941/163/932 942/185/940
f 940/152/924 950/121/899 943/186/898
f 942/185/940 903/205/897 902/164/934
f 945/165/933 905/206/887 944/187/941
f 916/106/888 948/189/943 949/190/886
f 912/126/900 950/121/899 951/125/901
f 952/161/931 948/189/943 953/124/902
f 792/428/772 729/429/773 728/287/680
f 2/479/1 3/480/1 5/2/1
f 3/480/1 1/481/1 4/482/1
f 5/2/1 4/482/1 6/3/1
f 3/480/1 4/482/1 5/2/1
f 6/3/1 7/483/1 8/1/1
f 10/4/2 17/7/3 11/5/3
f 17/7/3 20/9/4 13/8/4
f 20/9/4 19/11/5 14/10/5
f 19/11/5 18/13/6 15/12/6
f 18/13/6 16/15/7 12/14/7
f 16/15/7 22/484/8 21/16/8
f 25/17/9 31/21/9 24/18/10
f 27/20/11 34/23/11 31/21/9
f 28/22/12 33/25/12 34/23/11
f 29/24/13 32/27/13 33/25/12
f 26/26/14 30/28/14 32/27/13
f 21/16/8 22/484/8 30/28/14
f 39/31/17 45/63/49 81/29/15
f 45/63/49 42/485/952 81/29/15
f 40/32/18 79/99/69 72/33/19
f 46/35/21 38/74/59 35/36/22
f 89/38/24 63/83/61 59/39/25
f 51/41/27 55/79/60 64/42/28
f 44/44/30 48/66/52 68/45/31
f 66/47/33 46/35/21 43/37/23
f 62/49/35 67/84/62 87/50/36
f 52/52/38 86/90/67 49/53/39
f 57/55/41 69/93/68 47/56/42
f 74/86/64 84/58/44 47/56/42
f 84/58/44 82/67/53 41/57/43
f 83/59/45 76/87/65 73/60/46
f 58/62/48 42/485/952 45/63/49
f 44/44/30 37/486/58 75/65/51
f 37/486/58 71/487/63 75/65/51
f 50/69/55 85/89/66 70/70/56
f 56/71/57 57/55/41 58/62/48
f 59/39/25 60/48/34 61/80/32
f 64/82/28 65/96/50 66/47/33
f 68/45/31 69/93/68 70/70/56
f 78/61/47 79/99/69 80/88/16
f 35/36/22 38/74/59 40/76/18
f 63/83/61 89/38/24 88/91/29
f 85/89/66 87/50/36 67/84/62
f 86/90/67 52/52/38 54/51/37
f 49/53/39 86/90/67 85/89/66
f 50/69/55 56/71/57 55/79/60
f 53/40/26 59/39/25 62/81/35
f 56/71/57 70/70/56 69/93/68
f 67/84/62 62/49/35 61/94/32
f 65/95/50 64/42/28 55/79/60
f 60/48/34 59/39/25 63/83/61
f 74/86/64 47/56/42 48/66/52
f 69/93/68 68/45/31 48/66/52
f 46/35/21 66/47/33 65/96/50
f 78/61/47 77/68/54 84/58/44
f 75/65/51 71/85/63 73/60/46
f 72/33/19 79/99/69 78/61/47
f 39/98/17 80/88/16 79/99/69
f 37/100/58 36/34/20 72/33/19
f 60/48/34 43/37/23 44/101/30
f 81/29/15 82/67/53 77/68/54
f 74/86/64 76/87/65 83/59/45
f 38/74/59 46/35/21 45/97/49
f 53/40/26 52/77/38 90/92/40
f 88/43/29 90/54/40 49/53/39
f 41/57/43 42/485/952 58/62/48
f 43/37/23 35/36/22 37/73/58
f 81/29/15 42/485/952 41/57/43
f 100/102/70 114/199/150 92/103/71
f 101/107/75 95/207/133 146/105/73
f 146/105/73 151/190/146 110/106/74
f 97/108/76 172/117/85 115/109/77
f 98/111/79 136/202/151 126/112/80
f 109/114/82 98/111/79 171/113/81
f 97/108/76 129/179/139 140/116/84
f 168/118/86 170/128/96 130/119/87
f 93/123/91 113/208/137 152/121/89
f 113/208/137 107/172/134 152/121/89
f 106/126/94 111/174/136 155/124/92
f 111/174/136 150/189/145 155/124/92
f 168/118/86 108/173/135 105/127/95
f 157/129/97 122/177/138 118/130/98
f 127/132/100 135/183/142 123/133/101
f 134/135/103 133/182/141 119/136/104
f 159/138/106 120/153/120 125/139/107
f 116/141/109 124/157/123 141/142/110
f 117/144/102 123/133/101 156/145/112
f 99/147/114 169/151/118 104/148/115
f 139/150/117 131/196/149 169/151/118
f 120/153/120 132/181/140 138/154/121
f 165/156/122 162/191/147 124/157/123
f 163/158/124 167/478/148 158/159/125
f 154/161/127 149/188/144 148/162/128
f 91/164/130 144/185/143 147/165/131
f 101/171/75 102/197/83 103/110/78
f 105/127/95 106/126/94 107/172/134
f 108/173/135 109/114/82 110/106/74
f 113/175/137 114/199/150 115/109/77
f 127/178/100 128/143/111 129/179/139
f 130/119/87 131/196/149 132/181/140
f 135/183/142 136/202/151 137/120/88
f 138/184/121 139/203/117 140/116/84
f 142/152/119 143/163/129 144/185/143
f 92/103/71 91/167/130 94/169/132
f 96/104/72 95/170/133 101/171/75
f 97/108/76 171/198/81 126/180/80
f 168/118/86 98/111/79 109/114/82
f 172/117/85 99/204/114 112/176/116
f 170/128/96 169/151/118 131/196/149
f 97/108/76 103/110/78 102/197/83
f 170/128/96 105/127/95 104/148/115
f 92/103/71 114/199/150 113/175/137
f 102/115/83 101/107/75 110/106/74
f 103/110/78 115/109/77 114/199/150
f 106/126/94 105/127/95 108/173/135
f 107/172/134 113/208/137 112/149/116
f 165/156/122 116/141/109 117/200/102
f 161/131/99 118/130/98 120/153/120
f 121/137/105 123/133/101 135/183/142
f 141/142/110 124/157/123 125/201/107
f 119/136/104 118/130/98 122/177/138
f 157/129/97 156/145/112 123/133/101
f 162/191/147 164/193/108 125/201/107
f 161/131/99 160/160/126 158/159/125
f 164/140/108 163/158/124 160/160/126
f 158/159/125 167/478/148 166/146/113
f 167/195/148 163/192/124 162/191/147
f 128/143/111 127/178/100 117/200/102
f 119/136/104 133/182/141 132/181/140
f 168/118/86 137/120/88 136/202/151
f 172/117/85 140/116/84 139/203/117
f 141/142/110 140/116/84 129/179/139
f 135/183/142 127/132/100 126/112/80
f 139/150/117 138/154/121 132/181/140
f 137/120/88 130/119/87 133/182/141
f 143/163/129 142/152/119 155/124/92
f 151/190/146 146/187/73 148/162/128
f 147/165/131 144/185/143 143/163/129
f 152/121/89 153/125/93 142/152/119
f 144/185/143 91/164/130 93/205/91
f 95/206/133 94/166/132 147/165/131
f 110/106/74 151/190/146 150/189/145
f 106/126/94 153/125/93 152/121/89
f 150/189/145 149/188/144 154/161/127
f 179/107/213 176/207/153 187/106/152
f 176/207/153 215/105/210 220/190/154
f 177/111/155 207/202/208 199/112/156
f 180/115/158 186/114/202 177/111/155
f 235/118/159 237/128/169 201/119/160
f 174/123/164 190/208/214 221/121/162
f 190/208/214 184/172/200 221/121/162
f 183/126/167 188/174/203 224/124/165
f 188/174/203 219/189/212 224/124/165
f 235/118/159 185/173/204 182/127/168
f 226/129/170 196/177/205 192/130/171
f 200/132/173 206/183/215 197/133/174
f 205/135/176 204/182/207 193/136/177
f 228/138/179 194/153/189 198/139/180
f 191/144/175 197/133/174 225/145/182
f 236/151/184 181/148/201 189/149/185
f 210/150/187 202/196/206 236/151/184
f 194/153/189 203/181/216 209/154/190
f 231/158/191 234/478/953 227/159/192
f 223/161/194 218/188/211 217/162/195
f 173/164/197 213/185/209 216/165/198
f 182/127/168 183/126/167 184/172/200
f 186/114/202 187/106/152 188/174/203
f 202/196/206 203/181/216 204/182/207
f 205/135/176 206/183/215 207/202/208
f 211/152/188 212/163/196 213/185/209
f 185/173/204 235/118/159 177/111/155
f 201/119/160 237/128/169 236/151/184
f 182/127/168 181/148/201 236/151/184
f 186/114/202 180/115/158 179/107/213
f 183/126/167 182/127/168 185/173/204
f 190/208/214 189/149/185 181/148/201
f 192/130/171 194/153/189 228/138/179
f 195/137/178 197/133/174 206/183/215
f 193/136/177 192/130/171 196/177/205
f 196/177/205 226/129/170 225/145/182
f 230/131/172 229/160/193 227/159/192
f 232/140/181 231/158/191 229/160/193
f 227/159/192 234/478/953 233/146/183
f 193/136/177 204/182/207 203/181/216
f 208/120/161 207/202/208 177/111/155
f 200/132/173 199/112/156 207/202/208
f 202/196/206 210/150/187 209/154/190
f 208/120/161 201/119/160 204/182/207
f 212/163/196 211/152/188 224/124/165
f 215/187/210 217/162/195 218/188/211
f 216/165/198 213/185/209 212/163/196
f 221/121/162 222/125/166 211/152/188
f 213/185/209 173/164/197 174/205/164
f 176/206/153 175/166/199 216/165/198
f 187/106/152 220/190/154 219/189/212
f 183/126/167 222/125/166 221/121/162
f 219/189/212 218/188/211 223/161/194
f 255/488/391 247/454/389 264/211/219
f 247/454/389 304/209/217 264/211/219
f 249/212/220 251/451/439 288/213/221
f 263/215/223 251/451/439 249/212/220
f 468/217/225 281/396/397 292/218/226
f 250/220/228 253/230/238 282/221/229
f 245/225/233 267/473/396 310/223/231
f 267/473/396 261/390/393 310/223/231
f 260/228/236 265/392/395 313/226/234
f 265/392/395 308/408/405 313/226/234
f 250/220/228 262/391/394 259/229/237
f 468/217/225 252/219/227 269/231/239
f 276/235/243 271/254/262 455/437/432
f 455/437/432 459/233/241 276/235/243
f 279/236/244 287/399/399 275/237/245
f 469/239/247 467/447/437 258/240/248
f 283/242/250 467/447/437 469/239/247
f 295/402/401 461/442/434 273/246/254
f 461/442/434 464/244/252 273/246/254
f 272/247/255 284/398/398 290/248/256
f 458/250/258 462/443/435 294/251/259
f 298/253/261 296/403/402 272/247/255
f 271/254/262 276/235/243 293/255/263
f 274/245/253 286/400/400 285/257/265
f 275/237/245 466/444/436 456/258/266
f 312/259/267 307/407/404 306/260/268
f 243/262/270 302/406/403 305/263/271
f 402/265/273 397/275/283 314/266/274
f 334/268/276 337/472/954 336/269/277
f 240/271/279 318/455/440 320/272/280
f 407/274/282 398/424/421 397/275/283
f 321/276/284 472/280/288 470/277/285
f 387/279/287 395/423/420 470/277/285
f 316/281/289 327/475/955 404/282/290
f 327/475/955 323/409/406 404/282/290
f 383/284/292 375/419/416 339/285/293
f 414/289/297 242/476/956 346/287/295
f 242/476/956 347/429/957 346/287/295
f 413/290/298 366/418/415 362/291/299
f 344/293/301 348/413/410 354/294/302
f 373/296/304 379/458/442 368/297/305
f 355/299/307 351/412/409 385/300/308
f 361/302/310 367/417/414 412/303/311
f 353/305/313 356/415/412 411/306/314
f 364/308/316 376/459/443 382/309/317
f 350/311/319 358/457/441 392/312/320
f 347/314/322 365/416/413 370/315/323
f 381/317/325 332/411/408 340/318/326
f 369/320/328 378/420/417 377/321/329
f 391/323/331 384/422/419 471/324/332
f 399/425/422 409/327/335 330/326/334
f 409/327/335 405/427/423 322/328/336
f 319/329/337 394/461/444 388/330/338
f 393/332/340 357/414/411 352/333/341
f 325/335/343 328/410/407 319/336/337
f 324/340/346 315/489/958 400/338/344
f 315/489/958 396/490/445 400/338/344
f 418/341/347 417/469/450 438/342/348
f 333/347/353 380/421/418 372/348/354
f 416/352/358 436/467/448 445/350/356
f 436/467/448 430/433/429 445/350/356
f 452/353/359 423/430/426 373/354/360
f 422/356/362 427/431/427 435/357/363
f 429/432/428 434/360/366 446/359/365
f 434/360/366 443/436/431 450/361/367
f 431/362/368 428/465/447 424/363/369
f 426/365/371 432/464/446 453/366/372
f 463/371/377 460/470/433 457/372/378
f 448/374/380 442/435/430 441/343/349
f 425/377/383 419/491/959 444/375/381
f 419/491/959 440/492/449 444/375/381
f 343/379/385 410/428/424 359/380/386
f 255/388/391 256/445/224 257/232/240
f 259/229/237 260/228/236 261/390/393
f 262/391/394 263/215/223 264/211/219
f 267/393/396 268/448/438 269/231/239
f 279/395/244 280/256/264 281/396/397
f 282/221/229 283/242/250 284/398/398
f 287/399/399 288/213/221 289/222/230
f 290/401/256 291/452/251 292/218/226
f 300/378/384 301/261/269 302/406/403
f 320/272/280 321/276/284 322/328/336
f 328/410/407 329/339/345 330/326/334
f 349/381/387 350/311/319 351/412/409
f 357/414/411 358/457/441 359/380/386
f 363/322/330 364/308/316 365/416/413
f 367/417/414 368/297/305 369/320/328
f 375/419/416 376/459/443 377/321/329
f 378/420/417 379/458/442 380/421/418
f 385/300/308 386/313/321 387/279/287
f 393/332/340 394/461/444 395/423/420
f 427/431/427 428/465/447 429/432/428
f 431/362/368 432/464/446 433/376/382
f 244/383/388 243/382/270 246/385/272
f 248/387/390 247/386/389 255/388/391
f 468/217/225 249/446/220 278/397/222
f 250/220/228 251/451/439 263/215/223
f 252/219/227 469/453/247 266/394/249
f 253/230/238 467/447/437 283/242/250
f 468/217/225 257/232/240 256/445/224
f 253/230/238 259/229/237 258/240/248
f 244/383/388 268/448/438 267/393/396
f 256/216/224 255/488/391 264/211/219
f 257/232/240 269/231/239 268/448/438
f 260/228/236 259/229/237 262/391/394
f 261/390/393 267/473/396 266/241/249
f 274/245/253 275/237/245 287/399/399
f 293/255/263 276/235/243 277/449/257
f 280/256/264 279/395/244 270/450/246
f 273/246/254 285/257/265 284/398/398
f 250/220/228 289/222/230 288/213/221
f 252/219/227 292/218/226 291/452/251
f 293/255/263 292/218/226 281/396/397
f 287/399/399 279/236/244 278/214/222
f 291/243/251 290/248/256 284/398/398
f 289/222/230 282/221/229 285/257/265
f 298/253/261 297/493/260 294/251/259
f 301/261/269 300/378/384 313/226/234
f 309/210/218 304/209/217 306/260/268
f 305/263/271 302/406/403 301/261/269
f 310/223/231 311/227/235 300/378/384
f 302/406/403 243/474/270 245/225/233
f 247/454/389 246/494/272 305/263/271
f 264/211/219 309/210/218 308/408/405
f 260/228/236 311/227/235 310/223/231
f 308/408/405 307/407/404 312/259/267
f 472/280/288 471/324/332 384/422/419
f 331/278/286 470/277/285 319/336/337
f 321/276/284 320/272/280 318/455/440
f 331/278/286 330/326/334 322/328/336
f 325/335/343 324/340/346 329/339/345
f 323/409/406 327/475/955 326/273/281
f 374/319/327 340/318/326 339/285/293
f 341/270/278 340/318/326 332/411/408
f 341/270/278 336/269/277 335/286/294
f 338/456/355 337/472/954 334/268/276
f 366/418/415 413/290/298 412/303/311
f 410/428/424 411/306/314 356/415/412
f 347/429/425 242/476/960 345/307/315
f 346/287/295 410/428/424 343/379/385
f 343/379/385 349/381/387 348/413/410
f 392/312/320 358/457/441 357/414/411
f 349/381/387 359/380/386 358/457/441
f 356/415/412 353/305/313 352/333/341
f 355/299/307 354/294/302 348/413/410
f 362/291/299 365/416/413 347/314/322
f 369/320/328 368/297/305 379/458/442
f 367/417/414 361/302/310 360/298/306
f 371/310/318 370/315/323 365/416/413
f 363/322/330 362/291/299 366/418/415
f 363/322/330 377/321/329 376/459/443
f 381/317/325 380/421/418 333/347/353
f 373/296/304 372/348/354 380/421/418
f 375/419/416 383/284/292 382/460/317
f 374/319/327 377/321/329 378/420/417
f 386/313/321 385/300/308 351/412/409
f 470/277/285 395/423/420 394/461/444
f 389/334/342 388/330/338 394/461/444
f 386/313/321 392/312/320 395/423/420
f 384/422/419 391/323/331 390/301/309
f 407/274/282 402/265/273 401/346/352
f 396/462/445 397/275/283 398/424/421
f 403/426/291 402/265/273 317/267/275
f 396/462/445 315/477/958 314/266/274
f 399/425/422 330/326/334 329/339/345
f 404/282/290 406/344/350 401/346/352
f 409/327/335 408/345/351 406/344/350
f 399/425/422 398/424/421 407/274/282
f 323/409/406 322/328/336 405/427/423
f 344/293/301 415/295/303 414/289/297
f 451/364/370 453/366/372 432/464/446
f 421/355/361 420/367/373 453/366/372
f 428/465/447 427/431/427 422/356/362
f 432/464/446 426/365/371 425/466/383
f 434/360/366 429/432/428 428/465/447
f 436/467/448 435/495/363 427/431/427
f 438/342/348 437/370/376 449/369/375
f 440/468/449 441/343/349 442/435/430
f 439/434/357 445/350/356 447/368/374
f 417/469/450 416/496/358 439/434/357
f 440/468/449 419/497/959 418/341/347
f 433/376/382 444/375/381 443/436/431
f 450/361/367 449/369/375 447/368/374
f 446/359/365 445/350/356 430/433/429
f 450/361/367 443/436/431 442/435/430
f 451/364/370 424/363/369 423/430/426
f 422/356/362 454/358/364 373/354/360
f 273/246/254 272/247/255 296/403/402
f 299/234/242 298/405/261 277/449/257
f 464/244/252 461/442/434 463/371/377
f 462/443/435 458/250/258 460/470/433
f 455/437/432 457/439/378 460/441/433
f 456/258/266 466/444/436 465/373/379
f 299/234/242 459/233/241 458/440/258
f 295/402/401 294/251/259 462/443/435
f 271/254/262 270/450/246 456/438/266
f 274/245/253 464/244/252 466/444/436
f 248/387/390 254/389/392 268/448/438
f 482/102/451 496/199/531 474/103/452
f 483/107/515 477/207/514 492/106/456
f 477/207/514 528/105/454 492/106/456
f 479/108/457 554/117/466 497/109/458
f 480/111/460 518/202/532 508/112/461
f 491/114/463 480/111/460 553/113/462
f 479/108/457 511/179/521 522/116/465
f 550/118/467 552/128/477 512/119/468
f 475/123/472 495/208/519 534/121/470
f 495/208/519 489/172/516 534/121/470
f 488/126/475 493/174/518 537/124/473
f 493/174/518 532/189/527 537/124/473
f 550/118/467 490/173/517 487/127/476
f 539/129/478 504/177/520 500/130/479
f 509/132/481 517/183/524 505/133/482
f 516/135/484 515/182/523 501/136/485
f 541/138/487 502/153/501 507/139/488
f 498/141/490 506/157/504 523/142/491
f 499/144/483 505/133/482 538/145/493
f 481/147/495 551/151/499 486/148/496
f 521/150/498 513/196/530 551/151/499
f 502/153/501 514/181/522 520/154/502
f 547/156/503 544/191/528 506/157/504
f 545/158/505 549/478/529 540/159/506
f 536/161/508 531/188/526 530/162/509
f 473/164/511 526/185/525 529/165/512
f 483/171/515 484/197/464 485/110/459
f 487/127/476 488/126/475 489/172/516
f 490/173/517 491/114/463 492/106/456
f 495/175/519 496/199/531 497/109/458
f 509/178/481 510/143/492 511/179/521
f 512/119/468 513/196/530 514/181/522
f 517/183/524 518/202/532 519/120/469
f 520/184/502 521/203/498 522/116/465
f 524/152/500 525/163/510 526/185/525
f 474/103/452 473/167/511 476/169/513
f 478/104/453 477/170/514 483/171/515
f 479/108/457 553/198/462 508/180/461
f 550/118/467 480/111/460 491/114/463
f 554/117/466 481/204/495 494/176/497
f 552/128/477 551/151/499 513/196/530
f 479/108/457 485/110/459 484/197/464
f 552/128/477 487/127/476 486/148/496
f 474/103/452 496/199/531 495/175/519
f 484/115/464 483/107/515 492/106/456
f 485/110/459 497/109/458 496/199/531
f 488/126/475 487/127/476 490/173/517
f 489/172/516 495/208/519 494/149/497
f 547/156/503 498/141/490 499/200/483
f 500/130/479 502/153/501 541/138/487
f 503/137/486 505/133/482 517/183/524
f 523/142/491 506/157/504 507/201/488
f 501/136/485 500/130/479 504/177/520
f 504/177/520 539/129/478 538/145/493
f 544/191/528 546/193/489 507/201/488
f 543/131/480 542/160/507 540/159/506
f 546/140/489 545/158/505 542/160/507
f 540/159/506 549/478/529 548/146/494
f 549/195/529 545/192/505 544/191/528
f 510/143/492 509/178/481 499/200/483
f 501/136/485 515/182/523 514/181/522
f 550/118/467 519/120/469 518/202/532
f 554/117/466 522/116/465 521/203/498
f 523/142/491 522/116/465 511/179/521
f 517/183/524 509/132/481 508/112/461
f 521/150/498 520/154/502 514/181/522
f 519/120/469 512/119/468 515/182/523
f 525/163/510 524/152/500 537/124/473
f 533/190/455 528/187/454 530/162/509
f 529/165/512 526/185/525 525/163/510
f 534/121/470 535/125/474 524/152/500
f 526/185/525 473/164/511 475/205/472
f 477/206/514 476/166/513 529/165/512
f 492/106/456 533/190/455 532/189/527
f 488/126/475 535/125/474 534/121/470
f 532/189/527 531/188/526 536/161/508
f 561/107/594 558/207/534 569/106/533
f 558/207/534 597/105/591 602/190/535
f 559/111/536 589/202/589 581/112/537
f 562/115/539 568/114/583 559/111/536
f 617/118/540 619/128/550 583/119/541
f 556/123/545 572/208/595 603/121/543
f 572/208/595 566/172/581 603/121/543
f 565/126/548 570/174/584 606/124/546
f 570/174/584 601/189/593 606/124/546
f 617/118/540 567/173/585 564/127/549
f 608/129/551 578/177/586 574/130/552
f 582/132/554 588/183/596 579/133/555
f 587/135/557 586/182/588 575/136/558
f 610/138/560 576/153/570 580/139/561
f 573/144/556 579/133/555 607/145/563
f 618/151/565 563/148/582 571/149/566
f 592/150/568 584/196/587 618/151/565
f 576/153/570 585/181/597 591/154/571
f 613/158/572 616/478/961 609/159/573
f 605/161/575 600/188/592 599/162/576
f 555/164/578 595/185/590 598/165/579
f 564/127/549 565/126/548 566/172/581
f 568/114/583 569/106/533 570/174/584
f 584/196/587 585/181/597 586/182/588
f 587/135/557 588/183/596 589/202/589
f 593/152/569 594/163/577 595/185/590
f 567/173/585 617/118/540 559/111/536
f 583/119/541 619/128/550 618/151/565
f 564/127/549 563/148/582 618/151/565
f 568/114/583 562/115/539 561/107/594
f 565/126/548 564/127/549 567/173/585
f 572/208/595 571/149/566 563/148/582
f 574/130/552 576/153/570 610/138/560
f 577/137/559 579/133/555 588/183/596
f 575/136/558 574/130/552 578/177/586
f 578/177/586 608/129/551 607/145/563
f 612/131/553 611/160/574 609/159/573
f 614/140/562 613/158/572 611/160/574
f 609/159/573 616/478/961 615/146/564
f 575/136/558 586/182/588 585/181/597
f 590/120/542 589/202/589 559/111/536
f 588/183/596 582/132/554 581/112/537
f 592/150/568 591/154/571 585/181/597
f 590/120/542 583/119/541 586/182/588
f 594/163/577 593/152/569 606/124/546
f 597/187/591 599/162/576 600/188/592
f 598/165/579 595/185/590 594/163/577
f 603/121/543 604/125/547 593/152/569
f 595/185/590 555/164/578 556/205/545
f 558/206/534 557/166/580 598/165/579
f 569/106/533 602/190/535 601/189/593
f 565/126/548 604/125/547 603/121/543
f 601/189/593 600/188/592 605/161/575
f 686/209/600 629/454/748 646/211/598
f 629/454/748 637/488/749 646/211/598
f 631/212/601 660/214/754 670/213/602
f 631/212/601 633/451/603 645/215/604
f 815/217/606 634/219/782 674/218/607
f 664/221/609 635/230/783 632/220/610
f 643/390/751 649/473/752 692/223/614
f 649/473/752 627/225/612 692/223/614
f 690/408/760 647/392/785 695/226/617
f 647/392/785 642/228/615 695/226/617
f 632/220/610 635/230/783 641/229/618
f 651/231/620 634/219/782 815/217/606
f 802/437/624 653/254/645 658/235/622
f 658/235/622 681/234/757 806/233/623
f 661/236/625 652/238/650 657/237/626
f 816/239/628 648/241/753 640/240/629
f 816/239/628 814/447/630 665/242/631
f 811/244/635 808/442/778 655/246/633
f 808/442/778 677/402/756 655/246/633
f 672/248/636 666/398/755 654/247/637
f 676/251/639 809/443/779 805/250/640
f 680/253/642 659/249/638 654/247/637
f 675/255/644 658/235/622 653/254/645
f 656/245/634 655/246/633 667/257/647
f 803/258/649 813/444/780 657/237/626
f 688/260/651 689/407/759 694/259/652
f 687/263/654 684/406/758 625/262/655
f 696/266/657 779/275/666 784/265/658
f 716/268/660 723/270/761 718/269/661
f 622/271/663 708/273/788 702/272/664
f 779/275/666 780/424/769 789/274/667
f 703/276/668 713/278/786 817/277/669
f 817/277/669 777/423/768 769/279/671
f 705/409/787 709/475/789 786/282/674
f 709/475/789 698/281/672 786/282/674
f 765/284/675 717/286/790 721/285/676
f 729/429/962 624/476/963 728/287/680
f 624/476/963 796/289/678 728/287/680
f 795/290/681 728/292/794 744/291/682
f 736/294/684 730/413/762 726/293/685
f 755/296/687 742/298/795 750/297/688
f 737/299/690 772/301/798 767/300/691
f 743/302/693 623/304/964 794/303/694
f 735/305/696 727/307/791 793/306/697
f 764/309/699 758/459/796 746/308/700
f 774/312/702 740/457/793 732/311/703
f 752/315/705 747/416/764 729/314/706
f 763/317/708 756/319/766 722/318/709
f 745/322/711 759/321/765 760/420/712
f 773/323/714 622/325/965 818/324/715
f 787/427/771 791/327/718 704/328/717
f 791/327/718 781/425/770 712/326/719
f 770/330/720 776/461/797 701/329/721
f 734/333/723 739/414/763 775/332/724
f 707/335/726 621/337/722 701/336/721
f 778/490/799 697/489/800 782/338/730
f 697/489/800 706/340/728 782/338/730
f 754/348/734 762/421/767 715/347/735
f 798/355/737 755/354/802 799/430/738
f 810/371/740 812/373/781 804/372/741
f 741/380/744 792/428/772 725/379/745
f 639/232/621 638/445/605 637/388/749
f 643/390/751 642/228/615 641/229/618
f 644/391/619 647/392/785 646/211/598
f 651/231/620 650/448/784 649/393/752
f 663/396/608 662/256/646 661/395/625
f 664/221/609 667/257/647 666/398/755
f 671/222/611 670/213/602 669/399/627
f 672/401/636 675/255/644 674/218/607
f 682/378/743 685/224/613 684/406/758
f 702/272/664 705/409/787 704/328/717
f 710/410/727 713/278/786 712/326/719
f 733/412/692 732/311/703 731/381/746
f 741/380/744 740/457/793 739/414/763
f 747/416/764 746/308/700 745/322/711
f 751/320/713 750/297/688 749/417/695
f 759/321/765 758/459/796 757/419/677
f 760/420/712 763/317/708 762/421/767
f 769/279/671 768/313/704 767/300/691
f 777/423/768 776/461/797 775/332/724
f 628/385/656 625/382/655 626/383/390
f 637/388/749 629/386/748 630/387/747
f 660/397/754 631/446/601 815/217/606
f 645/215/604 633/451/603 632/220/610
f 648/394/753 816/453/628 634/219/782
f 665/242/631 814/447/630 635/230/783
f 815/217/606 631/446/601 638/445/605
f 635/230/783 814/447/630 640/240/629
f 626/383/390 627/384/612 649/393/752
f 646/211/598 637/488/749 638/216/605
f 639/232/621 636/389/750 650/448/784
f 644/391/619 641/229/618 642/228/615
f 643/390/751 640/240/629 648/241/753
f 669/399/627 657/237/626 656/245/634
f 675/255/644 672/401/636 659/449/638
f 652/450/650 661/395/625 662/256/646
f 655/246/633 654/247/637 666/398/755
f 632/220/610 633/451/603 670/213/602
f 634/219/782 816/453/628 673/452/632
f 663/396/608 674/218/607 675/255/644
f 669/399/627 670/213/602 660/214/754
f 666/398/755 672/248/636 673/243/632
f 671/222/611 668/400/648 667/257/647
f 676/251/639 679/493/641 680/253/642
f 695/226/617 682/378/743 683/261/653
f 691/210/599 689/407/759 688/260/651
f 687/263/654 688/260/651 683/261/653
f 682/378/743 693/227/616 692/223/614
f 684/406/758 685/224/613 627/225/612
f 687/263/654 628/494/656 629/454/748
f 646/211/598 647/392/785 690/408/760
f 642/228/615 643/390/751 692/223/614
f 694/259/652 689/407/759 690/408/760
f 766/422/716 818/324/715 819/280/670
f 713/278/786 710/410/727 701/336/721
f 700/455/665 702/272/664 703/276/668
f 704/328/717 712/326/719 713/278/786
f 711/339/729 706/340/728 707/335/726
f 705/409/787 702/272/664 708/273/788
f 756/319/766 757/419/677 721/285/676
f 714/411/710 722/318/709 723/270/761
f 723/270/761 721/285/676 717/286/790
f 716/268/660 719/472/662 720/456/736
f 748/418/683 749/417/695 794/303/694
f 738/415/698 793/306/697 792/428/772
f 729/429/773 793/306/697 727/307/791
f 725/379/745 792/428/772 728/287/680
f 725/379/745 726/293/685 730/413/762
f 774/312/702 775/332/724 739/414/763
f 731/381/746 732/311/703 740/457/793
f 738/415/698 739/414/763 734/333/723
f 730/413/762 736/294/684 737/299/690
f 729/314/706 747/416/764 744/291/682
f 761/458/689 750/297/688 751/320/713
f 749/417/695 750/297/688 742/298/795
f 747/416/764 752/315/705 753/310/701
f 748/418/683 744/291/682 745/322/711
f 745/322/711 746/308/700 758/459/796
f 715/347/735 762/421/767 763/317/708
f 762/421/767 754/348/734 755/296/687
f 757/419/677 758/459/796 764/460/699
f 760/420/712 759/321/765 756/319/766
f 733/412/692 767/300/691 768/313/704
f 817/277/669 701/329/721 776/461/797
f 776/461/797 770/330/720 771/334/725
f 768/313/704 769/279/671 777/423/768
f 766/422/716 767/300/691 772/301/798
f 789/274/667 790/345/733 783/346/732
f 780/424/769 779/275/666 778/462/799
f 699/267/659 784/265/658 785/426/673
f 778/462/799 779/275/666 696/266/657
f 781/425/770 782/338/730 711/339/729
f 783/346/732 788/344/731 786/282/674
f 788/344/731 790/345/733 791/327/718
f 789/274/667 780/424/769 781/425/770
f 787/427/771 704/328/717 705/409/787
f 726/293/685 724/288/679 796/289/678
f 800/353/739 970/366/777 972/367/801
f 800/353/739 799/430/738 968/363/775
f 969/356/774 799/430/738 755/354/802
f 678/403/643 654/247/637 655/246/633
f 659/449/638 680/405/642 681/234/757
f 811/244/635 812/373/781 810/371/740
f 809/443/779 810/371/740 807/470/742
f 807/441/742 804/439/741 802/437/624
f 803/258/649 804/471/741 812/373/781
f 681/234/757 679/404/641 805/440/640
f 809/443/779 676/251/639 677/402/756
f 803/438/649 652/450/650 653/254/645
f 656/245/634 657/237/626 813/444/780
f 626/383/390 650/448/784 636/389/750
f 821/103/804 843/199/883 829/102/805
f 875/105/809 824/207/867 839/106/807
f 824/207/867 830/107/868 839/106/807
f 844/109/810 901/117/881 826/108/811
f 855/112/813 865/202/885 827/111/814
f 900/113/815 827/111/814 838/114/816
f 826/108/811 901/117/881 869/116/818
f 859/119/820 899/128/882 897/118/821
f 836/172/869 842/208/870 881/121/825
f 842/208/870 822/123/823 881/121/825
f 879/189/876 840/174/884 884/124/828
f 840/174/884 835/126/826 884/124/828
f 897/118/821 899/128/882 834/127/829
f 886/129/831 890/131/877 847/130/832
f 856/132/834 846/134/846 852/133/835
f 850/137/837 848/136/872 862/182/838
f 854/139/840 849/153/855 888/138/841
f 870/142/843 853/157/856 845/141/844
f 846/144/846 895/146/880 885/145/847
f 828/147/848 841/149/871 833/148/849
f 868/150/851 828/147/848 898/151/850
f 867/154/854 861/181/873 849/153/855
f 853/157/856 891/191/878 894/156/857
f 887/159/858 896/478/879 892/158/859
f 877/162/861 878/188/875 883/161/862
f 876/165/864 873/185/874 820/164/865
f 832/110/812 831/197/817 830/171/868
f 836/172/869 835/126/826 834/127/829
f 837/173/830 840/174/884 839/106/807
f 844/109/810 843/199/883 842/175/870
f 858/179/819 857/143/845 856/178/834
f 859/119/820 862/182/838 861/181/873
f 866/120/822 865/202/885 864/183/836
f 867/184/854 870/142/843 869/116/818
f 871/152/853 874/186/824 873/185/874
f 823/169/866 820/167/865 821/103/804
f 830/171/868 824/170/867 825/104/806
f 855/180/813 900/198/815 826/108/811
f 838/114/816 827/111/814 897/118/821
f 841/176/871 828/204/848 901/117/881
f 860/196/852 898/151/850 899/128/882
f 826/108/811 900/198/815 831/197/817
f 899/128/882 898/151/850 833/148/849
f 821/103/804 822/168/823 842/175/870
f 839/106/807 830/107/868 831/115/817
f 832/110/812 829/102/805 843/199/883
f 837/173/830 834/127/829 835/126/826
f 836/172/869 833/148/849 841/149/871
f 894/156/857 895/194/880 846/200/846
f 888/138/841 849/153/855 847/130/832
f 864/183/836 852/133/835 850/137/837
f 870/142/843 867/184/854 854/201/840
f 851/177/833 847/130/832 848/136/872
f 851/177/833 852/133/835 885/145/847
f 854/201/840 893/193/842 891/191/878
f 887/159/858 889/160/860 890/131/877
f 889/160/860 892/158/859 893/140/842
f 887/159/858 885/145/847 895/146/880
f 896/195/879 894/156/857 891/191/878
f 846/200/846 856/178/834 857/143/845
f 848/136/872 849/153/855 861/181/873
f 897/118/821 827/111/814 865/202/885
f 901/117/881 828/204/848 868/203/851
f 858/179/819 869/116/818 870/142/843
f 864/183/836 865/202/885 855/112/813
f 861/181/873 867/154/854 868/150/851
f 866/120/822 863/135/839 862/182/838
f 884/124/828 871/152/853 872/163/863
f 880/190/808 878/188/875 877/162/861
f 876/165/864 877/162/861 872/163/863
f 871/152/853 882/125/827 881/121/825
f 873/185/874 874/186/824 822/205/823
f 876/165/864 823/166/866 824/206/867
f 839/106/807 840/174/884 879/189/876
f 835/126/826 836/172/869 881/121/825
f 883/161/862 878/188/875 879/189/876
f 944/105/941 905/207/887 949/190/886
f 905/207/887 908/107/946 916/106/888
f 928/112/889 936/202/939 906/111/890
f 909/115/892 967/113/891 906/111/890
f 930/119/894 966/128/945 964/118/895
f 913/172/936 919/208/948 950/121/899
f 919/208/948 903/123/897 950/121/899
f 948/189/943 917/174/947 953/124/902
f 917/174/947 912/126/900 953/124/902
f 964/118/895 966/128/945 911/127/903
f 955/129/905 959/131/944 921/130/906
f 929/132/908 920/134/917 926/133/909
f 922/136/911 933/182/938 934/135/912
f 927/139/914 923/153/926 957/138/915
f 920/144/917 962/146/949 954/145/918
f 918/149/919 910/148/937 965/151/920
f 939/150/922 907/147/921 965/151/920
f 938/154/925 932/181/951 923/153/926
f 956/159/927 963/478/950 960/158/928
f 946/162/930 947/188/942 952/161/931
f 945/165/933 942/185/940 902/164/934
f 913/172/936 912/126/900 911/127/903
f 914/173/904 917/174/947 916/106/888
f 933/182/938 932/181/951 931/196/923
f 934/135/912 937/120/896 936/202/939
f 940/152/924 943/186/898 942/185/940
f 914/173/904 915/114/893 906/111/890
f 930/119/894 931/196/923 965/151/920
f 965/151/920 910/148/937 911/127/903
f 915/114/893 916/106/888 908/107/946
f 914/173/904 911/127/903 912/126/900
f 910/148/937 918/149/919 919/208/948
f 957/138/915 923/153/926 921/130/906
f 935/183/910 926/133/909 924/137/913
f 925/177/907 921/130/906 922/136/911
f 925/177/907 926/133/909 954/145/918
f 956/159/927 958/160/929 959/131/944
f 958/160/929 960/158/928 961/140/916
f 956/159/927 954/145/918 962/146/949
f 922/136/911 923/153/926 932/181/951
f 906/111/890 936/202/939 937/120/896
f 935/183/910 936/202/939 928/112/889
f 932/181/951 938/154/925 939/150/922
f 937/120/896 934/135/912 933/182/938
f 953/124/902 940/152/924 941/163/932
f 947/188/942 946/162/930 944/187/941
f 945/165/933 946/162/930 941/163/932
f 940/152/924 951/125/901 950/121/899
f 942/185/940 943/186/898 903/205/897
f 945/165/933 904/166/935 905/206/887
f 916/106/888 917/174/947 948/189/943
f 912/126/900 913/172/936 950/121/899
f 952/161/931 947/188/942 948/189/943
